-- MySQL dump 10.13  Distrib 8.0.12, for Win64 (x86_64)
--
-- Host: localhost    Database: crcdatabase
-- ------------------------------------------------------
-- Server version	8.0.12

/*!40101 SET @OLD_CHARACTER_SET_CLIENT=@@CHARACTER_SET_CLIENT */;
/*!40101 SET @OLD_CHARACTER_SET_RESULTS=@@CHARACTER_SET_RESULTS */;
/*!40101 SET @OLD_COLLATION_CONNECTION=@@COLLATION_CONNECTION */;
 SET NAMES utf8 ;
/*!40103 SET @OLD_TIME_ZONE=@@TIME_ZONE */;
/*!40103 SET TIME_ZONE='+00:00' */;
/*!40014 SET @OLD_UNIQUE_CHECKS=@@UNIQUE_CHECKS, UNIQUE_CHECKS=0 */;
/*!40014 SET @OLD_FOREIGN_KEY_CHECKS=@@FOREIGN_KEY_CHECKS, FOREIGN_KEY_CHECKS=0 */;
/*!40101 SET @OLD_SQL_MODE=@@SQL_MODE, SQL_MODE='NO_AUTO_VALUE_ON_ZERO' */;
/*!40111 SET @OLD_SQL_NOTES=@@SQL_NOTES, SQL_NOTES=0 */;

--
-- Table structure for table `auth_group`
--

DROP TABLE IF EXISTS `auth_group`;
/*!40101 SET @saved_cs_client     = @@character_set_client */;
 SET character_set_client = utf8mb4 ;
CREATE TABLE `auth_group` (
  `id` int(11) NOT NULL AUTO_INCREMENT,
  `name` varchar(80) NOT NULL,
  PRIMARY KEY (`id`),
  UNIQUE KEY `name` (`name`)
) ENGINE=InnoDB DEFAULT CHARSET=utf8mb4 COLLATE=utf8mb4_0900_ai_ci;
/*!40101 SET character_set_client = @saved_cs_client */;

--
-- Dumping data for table `auth_group`
--

LOCK TABLES `auth_group` WRITE;
/*!40000 ALTER TABLE `auth_group` DISABLE KEYS */;
/*!40000 ALTER TABLE `auth_group` ENABLE KEYS */;
UNLOCK TABLES;

--
-- Table structure for table `auth_group_permissions`
--

DROP TABLE IF EXISTS `auth_group_permissions`;
/*!40101 SET @saved_cs_client     = @@character_set_client */;
 SET character_set_client = utf8mb4 ;
CREATE TABLE `auth_group_permissions` (
  `id` int(11) NOT NULL AUTO_INCREMENT,
  `group_id` int(11) NOT NULL,
  `permission_id` int(11) NOT NULL,
  PRIMARY KEY (`id`),
  UNIQUE KEY `auth_group_permissions_group_id_permission_id_0cd325b0_uniq` (`group_id`,`permission_id`),
  KEY `auth_group_permissio_permission_id_84c5c92e_fk_auth_perm` (`permission_id`),
  CONSTRAINT `auth_group_permissio_permission_id_84c5c92e_fk_auth_perm` FOREIGN KEY (`permission_id`) REFERENCES `auth_permission` (`id`),
  CONSTRAINT `auth_group_permissions_group_id_b120cbf9_fk_auth_group_id` FOREIGN KEY (`group_id`) REFERENCES `auth_group` (`id`)
) ENGINE=InnoDB DEFAULT CHARSET=utf8mb4 COLLATE=utf8mb4_0900_ai_ci;
/*!40101 SET character_set_client = @saved_cs_client */;

--
-- Dumping data for table `auth_group_permissions`
--

LOCK TABLES `auth_group_permissions` WRITE;
/*!40000 ALTER TABLE `auth_group_permissions` DISABLE KEYS */;
/*!40000 ALTER TABLE `auth_group_permissions` ENABLE KEYS */;
UNLOCK TABLES;

--
-- Table structure for table `auth_permission`
--

DROP TABLE IF EXISTS `auth_permission`;
/*!40101 SET @saved_cs_client     = @@character_set_client */;
 SET character_set_client = utf8mb4 ;
CREATE TABLE `auth_permission` (
  `id` int(11) NOT NULL AUTO_INCREMENT,
  `name` varchar(255) NOT NULL,
  `content_type_id` int(11) NOT NULL,
  `codename` varchar(100) NOT NULL,
  PRIMARY KEY (`id`),
  UNIQUE KEY `auth_permission_content_type_id_codename_01ab375a_uniq` (`content_type_id`,`codename`),
  CONSTRAINT `auth_permission_content_type_id_2f476e4b_fk_django_co` FOREIGN KEY (`content_type_id`) REFERENCES `django_content_type` (`id`)
) ENGINE=InnoDB AUTO_INCREMENT=97 DEFAULT CHARSET=utf8mb4 COLLATE=utf8mb4_0900_ai_ci;
/*!40101 SET character_set_client = @saved_cs_client */;

--
-- Dumping data for table `auth_permission`
--

LOCK TABLES `auth_permission` WRITE;
/*!40000 ALTER TABLE `auth_permission` DISABLE KEYS */;
INSERT INTO `auth_permission` VALUES (1,'Can add log entry',1,'add_logentry'),(2,'Can change log entry',1,'change_logentry'),(3,'Can delete log entry',1,'delete_logentry'),(4,'Can view log entry',1,'view_logentry'),(5,'Can add permission',2,'add_permission'),(6,'Can change permission',2,'change_permission'),(7,'Can delete permission',2,'delete_permission'),(8,'Can view permission',2,'view_permission'),(9,'Can add group',3,'add_group'),(10,'Can change group',3,'change_group'),(11,'Can delete group',3,'delete_group'),(12,'Can view group',3,'view_group'),(13,'Can add user',4,'add_user'),(14,'Can change user',4,'change_user'),(15,'Can delete user',4,'delete_user'),(16,'Can view user',4,'view_user'),(17,'Can add content type',5,'add_contenttype'),(18,'Can change content type',5,'change_contenttype'),(19,'Can delete content type',5,'delete_contenttype'),(20,'Can view content type',5,'view_contenttype'),(21,'Can add session',6,'add_session'),(22,'Can change session',6,'change_session'),(23,'Can delete session',6,'delete_session'),(24,'Can view session',6,'view_session'),(25,'Can add customer',7,'add_customer'),(26,'Can change customer',7,'change_customer'),(27,'Can delete customer',7,'delete_customer'),(28,'Can view customer',7,'view_customer'),(29,'Can add store',8,'add_store'),(30,'Can change store',8,'change_store'),(31,'Can delete store',8,'delete_store'),(32,'Can view store',8,'view_store'),(33,'Can add staff',9,'add_staff'),(34,'Can change staff',9,'change_staff'),(35,'Can delete staff',9,'delete_staff'),(36,'Can view staff',9,'view_staff'),(37,'Can add car',10,'add_car'),(38,'Can change car',10,'change_car'),(39,'Can delete car',10,'delete_car'),(40,'Can view car',10,'view_car'),(41,'Can add orders',11,'add_orders'),(42,'Can change orders',11,'change_orders'),(43,'Can delete orders',11,'delete_orders'),(44,'Can view orders',11,'view_orders'),(45,'Can add car service',12,'add_carservice'),(46,'Can change car service',12,'change_carservice'),(47,'Can delete car service',12,'delete_carservice'),(48,'Can view car service',12,'view_carservice'),(49,'Can add lost property',13,'add_lostproperty'),(50,'Can change lost property',13,'change_lostproperty'),(51,'Can delete lost property',13,'delete_lostproperty'),(52,'Can view lost property',13,'view_lostproperty'),(53,'Can add auth group',14,'add_authgroup'),(54,'Can change auth group',14,'change_authgroup'),(55,'Can delete auth group',14,'delete_authgroup'),(56,'Can view auth group',14,'view_authgroup'),(57,'Can add auth group permissions',15,'add_authgrouppermissions'),(58,'Can change auth group permissions',15,'change_authgrouppermissions'),(59,'Can delete auth group permissions',15,'delete_authgrouppermissions'),(60,'Can view auth group permissions',15,'view_authgrouppermissions'),(61,'Can add auth permission',16,'add_authpermission'),(62,'Can change auth permission',16,'change_authpermission'),(63,'Can delete auth permission',16,'delete_authpermission'),(64,'Can view auth permission',16,'view_authpermission'),(65,'Can add auth user',17,'add_authuser'),(66,'Can change auth user',17,'change_authuser'),(67,'Can delete auth user',17,'delete_authuser'),(68,'Can view auth user',17,'view_authuser'),(69,'Can add auth user groups',18,'add_authusergroups'),(70,'Can change auth user groups',18,'change_authusergroups'),(71,'Can delete auth user groups',18,'delete_authusergroups'),(72,'Can view auth user groups',18,'view_authusergroups'),(73,'Can add auth user user permissions',19,'add_authuseruserpermissions'),(74,'Can change auth user user permissions',19,'change_authuseruserpermissions'),(75,'Can delete auth user user permissions',19,'delete_authuseruserpermissions'),(76,'Can view auth user user permissions',19,'view_authuseruserpermissions'),(77,'Can add django admin log',20,'add_djangoadminlog'),(78,'Can change django admin log',20,'change_djangoadminlog'),(79,'Can delete django admin log',20,'delete_djangoadminlog'),(80,'Can view django admin log',20,'view_djangoadminlog'),(81,'Can add django content type',21,'add_djangocontenttype'),(82,'Can change django content type',21,'change_djangocontenttype'),(83,'Can delete django content type',21,'delete_djangocontenttype'),(84,'Can view django content type',21,'view_djangocontenttype'),(85,'Can add django migrations',22,'add_djangomigrations'),(86,'Can change django migrations',22,'change_djangomigrations'),(87,'Can delete django migrations',22,'delete_djangomigrations'),(88,'Can view django migrations',22,'view_djangomigrations'),(89,'Can add django session',23,'add_djangosession'),(90,'Can change django session',23,'change_djangosession'),(91,'Can delete django session',23,'delete_djangosession'),(92,'Can view django session',23,'view_djangosession'),(93,'Can add car locations',24,'add_carlocations'),(94,'Can change car locations',24,'change_carlocations'),(95,'Can delete car locations',24,'delete_carlocations'),(96,'Can view car locations',24,'view_carlocations');
/*!40000 ALTER TABLE `auth_permission` ENABLE KEYS */;
UNLOCK TABLES;

--
-- Table structure for table `auth_user`
--

DROP TABLE IF EXISTS `auth_user`;
/*!40101 SET @saved_cs_client     = @@character_set_client */;
 SET character_set_client = utf8mb4 ;
CREATE TABLE `auth_user` (
  `id` int(11) NOT NULL AUTO_INCREMENT,
  `password` varchar(128) NOT NULL,
  `last_login` datetime(6) DEFAULT NULL,
  `is_superuser` tinyint(1) NOT NULL,
  `username` varchar(150) NOT NULL,
  `first_name` varchar(30) NOT NULL,
  `last_name` varchar(150) NOT NULL,
  `email` varchar(254) NOT NULL,
  `is_staff` tinyint(1) NOT NULL,
  `is_active` tinyint(1) NOT NULL,
  `date_joined` datetime(6) NOT NULL,
  PRIMARY KEY (`id`),
  UNIQUE KEY `username` (`username`)
) ENGINE=InnoDB DEFAULT CHARSET=utf8mb4 COLLATE=utf8mb4_0900_ai_ci;
/*!40101 SET character_set_client = @saved_cs_client */;

--
-- Dumping data for table `auth_user`
--

LOCK TABLES `auth_user` WRITE;
/*!40000 ALTER TABLE `auth_user` DISABLE KEYS */;
/*!40000 ALTER TABLE `auth_user` ENABLE KEYS */;
UNLOCK TABLES;

--
-- Table structure for table `auth_user_groups`
--

DROP TABLE IF EXISTS `auth_user_groups`;
/*!40101 SET @saved_cs_client     = @@character_set_client */;
 SET character_set_client = utf8mb4 ;
CREATE TABLE `auth_user_groups` (
  `id` int(11) NOT NULL AUTO_INCREMENT,
  `user_id` int(11) NOT NULL,
  `group_id` int(11) NOT NULL,
  PRIMARY KEY (`id`),
  UNIQUE KEY `auth_user_groups_user_id_group_id_94350c0c_uniq` (`user_id`,`group_id`),
  KEY `auth_user_groups_group_id_97559544_fk_auth_group_id` (`group_id`),
  CONSTRAINT `auth_user_groups_group_id_97559544_fk_auth_group_id` FOREIGN KEY (`group_id`) REFERENCES `auth_group` (`id`),
  CONSTRAINT `auth_user_groups_user_id_6a12ed8b_fk_auth_user_id` FOREIGN KEY (`user_id`) REFERENCES `auth_user` (`id`)
) ENGINE=InnoDB DEFAULT CHARSET=utf8mb4 COLLATE=utf8mb4_0900_ai_ci;
/*!40101 SET character_set_client = @saved_cs_client */;

--
-- Dumping data for table `auth_user_groups`
--

LOCK TABLES `auth_user_groups` WRITE;
/*!40000 ALTER TABLE `auth_user_groups` DISABLE KEYS */;
/*!40000 ALTER TABLE `auth_user_groups` ENABLE KEYS */;
UNLOCK TABLES;

--
-- Table structure for table `auth_user_user_permissions`
--

DROP TABLE IF EXISTS `auth_user_user_permissions`;
/*!40101 SET @saved_cs_client     = @@character_set_client */;
 SET character_set_client = utf8mb4 ;
CREATE TABLE `auth_user_user_permissions` (
  `id` int(11) NOT NULL AUTO_INCREMENT,
  `user_id` int(11) NOT NULL,
  `permission_id` int(11) NOT NULL,
  PRIMARY KEY (`id`),
  UNIQUE KEY `auth_user_user_permissions_user_id_permission_id_14a6b632_uniq` (`user_id`,`permission_id`),
  KEY `auth_user_user_permi_permission_id_1fbb5f2c_fk_auth_perm` (`permission_id`),
  CONSTRAINT `auth_user_user_permi_permission_id_1fbb5f2c_fk_auth_perm` FOREIGN KEY (`permission_id`) REFERENCES `auth_permission` (`id`),
  CONSTRAINT `auth_user_user_permissions_user_id_a95ead1b_fk_auth_user_id` FOREIGN KEY (`user_id`) REFERENCES `auth_user` (`id`)
) ENGINE=InnoDB DEFAULT CHARSET=utf8mb4 COLLATE=utf8mb4_0900_ai_ci;
/*!40101 SET character_set_client = @saved_cs_client */;

--
-- Dumping data for table `auth_user_user_permissions`
--

LOCK TABLES `auth_user_user_permissions` WRITE;
/*!40000 ALTER TABLE `auth_user_user_permissions` DISABLE KEYS */;
/*!40000 ALTER TABLE `auth_user_user_permissions` ENABLE KEYS */;
UNLOCK TABLES;

--
-- Table structure for table `car`
--

DROP TABLE IF EXISTS `car`;
/*!40101 SET @saved_cs_client     = @@character_set_client */;
 SET character_set_client = utf8mb4 ;
CREATE TABLE `car` (
  `Car_ID` int(11) NOT NULL,
  `Car_MakeName` varchar(45) DEFAULT NULL,
  `Car_Model` varchar(45) DEFAULT NULL,
  `Car_Series` varchar(45) DEFAULT NULL,
  `Car_SeriesYear` int(11) DEFAULT NULL,
  `Car_PriceNew` int(11) DEFAULT NULL,
  `Car_EngineSize` varchar(45) DEFAULT NULL,
  `Car_FuelSystem` varchar(45) DEFAULT NULL,
  `Car_TankCapacity` varchar(45) DEFAULT NULL,
  `Car_Power` varchar(45) DEFAULT NULL,
  `Car_SeatingCapacity` int(11) DEFAULT NULL,
  `Car_StandardTransmission` varchar(45) DEFAULT NULL,
  `Car_BodyType` varchar(45) DEFAULT NULL,
  `Car_Drive` varchar(45) DEFAULT NULL,
  `Car_Wheelbase` varchar(45) DEFAULT NULL,
  `Car_RentalPrice` int(11) DEFAULT '50',
  PRIMARY KEY (`Car_ID`)
) ENGINE=InnoDB DEFAULT CHARSET=utf8mb4 COLLATE=utf8mb4_0900_ai_ci;
/*!40101 SET character_set_client = @saved_cs_client */;

--
-- Dumping data for table `car`
--

LOCK TABLES `car` WRITE;
/*!40000 ALTER TABLE `car` DISABLE KEYS */;
INSERT INTO `car` VALUES (14806,'LAND ROVER','DISCOVERY 3','HSE',2006,83650,'2.7L','DIESEL TURBO F/INJ','82L','140Kw',7,'6A','4D WAGON','4WD','2885mm',50),(14810,'LAND ROVER','DISCOVERY','Tdi 4x4',1996,51800,'2.5L','DIESEL TURBO','88.5L','83Kw',5,'4A4x4','4D WAGON','4WD','2540mm',50),(14811,'LAND ROVER','FREELANDER','XEi 4x4',2000,34886,'1.8L','MULTI POINT F/INJ','59L','84Kw',5,'5M4x4','3D HARDBACK','4WD','2535mm',50),(14812,'LAND ROVER','DISCOVERY','ES V8 4x4',1999,66000,'4.0L','MULTI POINT F/INJ','95L','132Kw',7,'4A','4D WAGON','4WD','2540mm',50),(14813,'LAND ROVER','DISCOVERY','Tdi 4x4',1994,50430,'2.5L','DIESEL TURBO','88.5L','83Kw',5,'4A4x4','4D WAGON','4WD','2540mm',50),(14814,'LAND ROVER','DISCOVERY','SERIES II SE 4x4',2004,71450,'4.0L','MULTI POINT F/INJ','93L','136Kw',7,'4A','4D WAGON','4WD','2540mm',50),(14815,'LAND ROVER','(4x4)','SWB',1978,9045,'2.3L','DIESEL','45L','46Kw',8,'4M4x4','2D HARDTOP','4WD','2230mm',50),(14816,'LAND ROVER','DISCOVERY','SERIES II S 4x4',2003,55450,'4.0L','MULTI POINT F/INJ','93L','136Kw',7,'4A','4D WAGON','4WD','2540mm',50),(14817,'LAND ROVER','DISCOVERY','SERIES II',2003,51950,'2.5L','DIESEL TURBO F/INJ','93L','101Kw',5,'5M','4D WAGON','4WD','2540mm',50),(14818,'LAND ROVER','DISCOVERY','S 4x4',1998,39990,'2.5L','DIESEL TURBO','88.5L','83Kw',5,'5M4x4','4D WAGON','4WD','2540mm',50),(14819,'LAND ROVER','(4x4)','LWB',1972,5203,'2.3L','DIESEL','73L','46Kw',12,'4M4x4','2D HARDTOP','4WD','2768mm',50),(14831,'BMW','X5','E53 3.0d',2004,84500,'3.0L','TURBO CDI','93L','150Kw',5,'6A','4D WAGON','4WD','2820mm',50),(14832,'BMW','3','E46 18i EXECUTIVE',2002,56550,'2.0L','MULTI POINT F/INJ','63L','105Kw',5,'5AS','4D SEDAN','RWD','2725mm',50),(14833,'BMW','3','23i',1996,62550,'2.5L','MULTI POINT F/INJ','62L','125Kw',5,'5M','4D SEDAN','RWD','2700mm',50),(14834,'BMW','3','E46 30Ci',2001,109050,'3.0L','MULTI POINT F/INJ','63L','170Kw',5,'5AS','2D CONVERTIBLE','RWD','2725mm',50),(14835,'BMW','7','35i EXECUTIVE',1987,136500,'3.4L','ELECTRONIC F/INJ','90L','155Kw',5,'4A','4D SEDAN','RWD','2833mm',50),(14836,'BMW','5','E60 25i',2005,89000,'2.5L','MULTI POINT F/INJ','70L','141Kw',5,'6AS','4D SEDAN','RWD','2888mm',50),(14837,'BMW','3','E91 23i TOURING',2006,71500,'2.5L','MULTI POINT F/INJ','60L','130Kw',5,'6AS','4D WAGON','RWD','2760mm',50),(14838,'BMW','5','E34 25i EXECUTIVE',1996,98200,'2.5L','ELECTRONIC F/INJ','80L','141Kw',5,'5A','4D SEDAN','RWD','2761mm',50),(14839,'BMW','3','E36 16i OPEN AIR',1995,46200,'1.6L','MULTI POINT F/INJ','52L','75Kw',5,'5M','3D HATCHBACK','RWD','2700mm',50),(14842,'BMW','3','E90 20i EXECUTIVE',2005,57200,'2.0L','MULTI POINT F/INJ','65L','110Kw',5,'6AS','4D SEDAN','RWD','2760mm',50),(14843,'BMW','3','E46 30i',2001,90700,'3.0L','MULTI POINT F/INJ','63L','170Kw',5,'5AS','4D SEDAN','RWD','2725mm',50),(14846,'BMW','X5','E53 3.0i',2004,84000,'3.0L','MULTI POINT F/INJ','93L','170Kw',5,'5AS','4D WAGON','4WD','2820mm',50),(14847,'BMW','3','18is',1998,56600,'1.9L','MULTI POINT F/INJ','65L','103Kw',5,'4A','4D SEDAN','RWD','2700mm',50),(14850,'BMW','7','35i',1984,59500,'3.2L','ELECTRONIC F/INJ','100L','145Kw',5,'4A','4D SEDAN','RWD','2795mm',50),(14851,'BMW','3','E46 20i SPORT',2005,65300,'2.2L','MULTI POINT F/INJ','63L','125Kw',5,'5AS','4D SEDAN','RWD','2725mm',50),(14852,'BMW','3','E46 16ti',2002,43869,'1.8L','MULTI POINT F/INJ','63L','85Kw',5,'5AS','3D HATCHBACK','RWD','2725mm',50),(14853,'BMW','1','E87 20i',2005,44100,'2.0L','MULTI POINT F/INJ','50L','110Kw',5,'6A','5D HATCHBACK','RWD','2660mm',50),(14854,'BMW','3','20i',1989,54700,'2.0L','ELECTRONIC F/INJ','65L','95Kw',5,'5M','4D SEDAN','RWD','2570mm',50),(14855,'BMW','3','E46 20Ci',2001,67050,'2.2L','MULTI POINT F/INJ','63L','125Kw',5,'5AS','2D COUPE','RWD','2725mm',50),(14856,'BMW','3','25i',1988,74500,'2.5L','ELECTRONIC F/INJ','55L','125Kw',5,'4A','4D SEDAN','RWD','2570mm',50),(14857,'BMW','3','E46 18i SPORT',2005,54500,'2.0L','MULTI POINT F/INJ','63L','105Kw',5,'5M','4D SEDAN','RWD','2725mm',50),(14858,'BMW','3','E36 28i',1996,83330,'2.8L','MULTI POINT F/INJ','65L','142Kw',5,'5A','4D SEDAN','RWD','2700mm',50),(14859,'BMW','5','28i',1997,96500,'2.8L','MULTI POINT F/INJ','70L','142Kw',5,'5AS','4D SEDAN','RWD','2830mm',50),(14860,'BMW','3','18i',1997,51320,'1.8L','ELECTRONIC F/INJ','65L','85Kw',5,'4A','4D SEDAN','RWD','2700mm',50),(14861,'BMW','3','18is',1997,55100,'1.9L','MULTI POINT F/INJ','65L','103Kw',5,'5M','4D SEDAN','RWD','2700mm',50),(14862,'BMW','3','E46 18i EXECUTIVE',2001,53950,'2.0L','MULTI POINT F/INJ','63L','105Kw',5,'5M','4D SEDAN','RWD','2725mm',50),(14863,'BMW','X5','E53 3.0i',2001,82350,'3.0L','MULTI POINT F/INJ','93L','170Kw',5,'5AS','4D WAGON','4WD','2820mm',50),(14864,'BMW','1','E87 20d',2006,47800,'2.0L','DIESEL TURBO F/INJ','51L','115Kw',5,'6A','5D HATCHBACK','RWD','2660mm',50),(14865,'BMW','3','E46 18i EXECUTIVE',2000,52070,'1.9L','MULTI POINT F/INJ','63L','87Kw',5,'5M','4D SEDAN','RWD','2725mm',50),(14866,'BMW','X5','E53 3.0i',2006,84000,'3.0L','MULTI POINT F/INJ','93L','170Kw',5,'5AS','4D WAGON','4WD','2820mm',50),(14867,'BMW','3','18i',1995,49650,'1.8L','ELECTRONIC F/INJ','65L','85Kw',5,'5M','4D SEDAN','RWD','2700mm',50),(14870,'BMW','3','23Ci',1999,73900,'2.5L','MULTI POINT F/INJ','63L','125Kw',5,'5M','2D COUPE','RWD','2725mm',50),(14871,'BMW','X5','E53 MY06 UPGRADE 3.0d',2006,86800,'3.0L','TURBO CDI','93L','150Kw',5,'6A','4D WAGON','4WD','2820mm',50),(14872,'BMW','3','E46 18i',1999,54370,'1.9L','MULTI POINT F/INJ','63L','87Kw',5,'5M','4D SEDAN','RWD','2725mm',50),(14873,'BMW','3','18is',1996,57110,'1.8L','ELECTRONIC F/INJ','65L','103Kw',5,'4A','2D COUPE','RWD','2700mm',50),(14874,'BMW','3','E46 16ti',2004,41750,'1.8L','MULTI POINT F/INJ','63L','85Kw',5,'5M','3D HATCHBACK','RWD','2725mm',50),(14875,'BMW','3','18i',1989,36950,'1.8L','ELECTRONIC F/INJ','55L','83Kw',5,'5M','2D SEDAN','RWD','2570mm',50),(14876,'BMW','3','18i',1994,46500,'1.8L','ELECTRONIC F/INJ','65L','85Kw',5,'5M','4D SEDAN','RWD','2700mm',50),(14877,'BMW','3','E90 20i',2006,53400,'2.0L','MULTI POINT F/INJ','65L','110Kw',5,'6AS','4D SEDAN','RWD','2760mm',50),(14878,'BMW','5','E39 23i',1996,83600,'2.5L','MULTI POINT F/INJ','70L','125Kw',5,'5AS','4D SEDAN','RWD','2830mm',50),(14879,'BMW','5','E39 30i SPORT',2002,101400,'3.0L','MULTI POINT F/INJ','70L','170Kw',5,'5AS','4D SEDAN','RWD','2830mm',50),(14880,'BMW','5','20i',1991,69100,'2.0L','ELECTRONIC F/INJ','80L','110Kw',5,'5A','4D SEDAN','RWD','2761mm',50),(14881,'BMW','3','18i',1991,44300,'1.8L','ELECTRONIC F/INJ','65L','85Kw',5,'4A','4D SEDAN','RWD','2700mm',50),(14882,'BMW','3','E46 18i',2000,48315,'1.9L','MULTI POINT F/INJ','63L','87Kw',5,'5M','4D SEDAN','RWD','2725mm',50),(14883,'BMW','3','18i',1986,38600,'1.8L','ELECTRONIC F/INJ','58L','77Kw',5,'5M','4D SEDAN','RWD','2570mm',50),(14884,'BMW','3','E36 18is SPORT',1998,58950,'1.9L','MULTI POINT F/INJ','62L','103Kw',5,'5M','2D COUPE','RWD','2700mm',50),(14885,'BMW','7','35iL EXECUTIVE',1988,145900,'3.4L','ELECTRONIC F/INJ','95L','155Kw',5,'4A','4D SEDAN','RWD','2945mm',50),(14887,'BMW','5','25i',1991,80200,'2.5L','ELECTRONIC F/INJ','80L','141Kw',5,'5M','4D SEDAN','RWD','2761mm',50),(14888,'BMW','3','E46 25Ci',2002,75000,'2.5L','MULTI POINT F/INJ','63L','141Kw',5,'5AS','2D COUPE','RWD','2725mm',50),(14889,'BMW','3','E46 16ti',2005,40350,'1.8L','MULTI POINT F/INJ','63L','85Kw',5,'5M','3D HATCHBACK','RWD','2725mm',50),(14890,'BMW','X5','E53 3.0d',2005,84300,'3.0L','TURBO CDI','93L','150Kw',5,'6A','4D WAGON','4WD','2820mm',50),(14891,'DATSUN','FAIRLADY','SPORTS',1964,2530,'1.5L','CARB','43L','63Kw',0,'4M','2D ROADSTER','RWD','2280mm',50),(14895,'DATSUN','180B','SSS',1977,6012,'1.8L','CARB','55L','82Kw',5,'5M','2D HARDTOP','RWD','2500mm',50),(14896,'MAZDA','121','METRO SHADES',2001,19050,'1.5L','ELECTRONIC F/INJ','43L','64Kw',5,'5M','5D HATCHBACK','FWD','2390mm',50),(14897,'MAZDA','121','SHADES',1997,14200,'1.3L','SINGLE POINT F/INJ','40L','54Kw',5,'5M','4D SEDAN','FWD','2390mm',50),(14899,'MAZDA','121','METRO SHADES',2002,19240,'1.5L','ELECTRONIC F/INJ','43L','64Kw',5,'5M','5D HATCHBACK','FWD','2390mm',50),(14900,'MAZDA','121','DELUXE',1987,12250,'1.3L','CARB','38L','46Kw',5,'5M','3D HATCHBACK','FWD','2295mm',50),(14901,'MAZDA','121','METRO SHADES',1999,19590,'1.5L','ELECTRONIC F/INJ','40L','64Kw',5,'4A','5D HATCHBACK','FWD','2390mm',50),(14902,'VOLKSWAGEN','TRANSPORTER','T5 MY08 CREWVAN SWB',2008,42990,'2.5L','DIESEL TURBO F/INJ','80L','96Kw',5,'6ATip','VAN','FWD','3000mm',50),(14903,'VOLKSWAGEN','JETTA','1KM 2.0 TDI',2006,35490,'2.0L','DIESEL TURBO F/INJ','55L','103Kw',5,'6M','4D SEDAN','FWD','2578mm',50),(14904,'VOLKSWAGEN','TRANSPORTER','T5 SWB',2005,43400,'2.5L','DIESEL TURBO F/INJ','80L','96Kw',2,'6ATip','VAN','FWD','3000mm',50),(14905,'VOLKSWAGEN','POLO','9N MY07 UPGRADE CLUB',2007,16990,'1.4L','MULTI POINT F/INJ','45L','59Kw',5,'5M','3D HATCHBACK','FWD','2465mm',50),(14906,'VOLKSWAGEN','JETTA','1KM 2.0 TURBO FSI',2006,39990,'2.0L','TURBO MPFI','55L','147Kw',5,'6ADSG','4D SEDAN','FWD','2578mm',50),(14907,'VOLKSWAGEN','MULTIVAN','T5 HIGHLINE',2006,72990,'2.5L','DIESEL TURBO F/INJ','80L','128Kw',7,'6ATip','4D VAN','FWD','3000mm',50),(14908,'VOLKSWAGEN','JETTA','1KM 2.0 TURBO FSI',2007,39990,'2.0L','TURBO MPFI','55L','147Kw',5,'6ADSG','4D SEDAN','FWD','2578mm',50),(14909,'VOLKSWAGEN','GOLF','1K GTi',2007,39990,'2.0L','TURBO MPFI','55L','147Kw',5,'6M','5D HATCHBACK','FWD','2578mm',50),(14910,'VOLKSWAGEN','GOLF','GL',2001,25990,'1.6L','MULTI POINT F/INJ','55L','74Kw',5,'5M','5D HATCHBACK','FWD','2511mm',50),(14911,'VOLKSWAGEN','GOLF','1K 1.9 TDI COMFORTLINE',2005,32290,'1.9L','DIESEL TURBO F/INJ','55L','77Kw',5,'6ADSG','5D HATCHBACK','FWD','2578mm',50),(14912,'VOLKSWAGEN','JETTA','1KM 2.0 FSI',2007,35290,'2.0L','MULTI POINT F/INJ','55L','110Kw',5,'6ATip','4D SEDAN','FWD','2578mm',50),(14914,'VOLKSWAGEN','GOLF','1K GT',2007,37290,'1.4L','S/C & T/C MPFI','55L','125Kw',5,'6ADSG','5D HATCHBACK','FWD','2578mm',50),(14915,'VOLKSWAGEN','GOLF','GL',1995,30490,'2.0L','MULTI POINT F/INJ','55L','85Kw',5,'5M','5D HATCHBACK','FWD','2475mm',50),(14920,'VOLKSWAGEN','JETTA','1KM 2.0 TDI',2007,37990,'2.0L','DIESEL TURBO F/INJ','55L','103Kw',5,'6ADSG','4D SEDAN','FWD','2578mm',50),(14921,'VOLKSWAGEN','GOLF','1K 2.0 FSI COMFORTLINE',2005,32290,'2.0L','ELECTRONIC F/INJ','55L','110Kw',5,'6ATip','5D HATCHBACK','FWD','2578mm',50),(14922,'VOLKSWAGEN','GOLF','1K 2.0 TDI COMFORTLINE',2007,32490,'2.0L','DIESEL TURBO F/INJ','55L','103Kw',5,'6M','5D HATCHBACK','FWD','2578mm',50),(14923,'VOLKSWAGEN','PASSAT','3B 1.8T',2002,49800,'1.8L','TURBO MPFI','62L','110Kw',5,'5ATip','4D WAGON','FWD','2703mm',50),(14924,'VOLKSWAGEN','GOLF','1K 2.0 FSI SPORTLINE',2006,32990,'2.0L','ELECTRONIC F/INJ','55L','110Kw',5,'6M','5D HATCHBACK','FWD','2578mm',50),(14925,'VOLKSWAGEN','GOLF','GLE',1999,34990,'2.0L','MULTI POINT F/INJ','55L','85Kw',5,'5M','5D HATCHBACK','FWD','2511mm',50),(14926,'VOLKSWAGEN','GOLF','GL',1998,31980,'1.6L','MULTI POINT F/INJ','55L','74Kw',5,'4A','5D HATCHBACK','FWD','2511mm',50),(14927,'VOLKSWAGEN','MULTIVAN','T5 COMFORTLINE 4MOTION',2006,60990,'2.5L','DIESEL TURBO F/INJ','80L','128Kw',7,'6M','4D VAN','4WD','3000mm',50),(14928,'VOLKSWAGEN','POLO','9N S',2002,21800,'1.4L','MULTI POINT F/INJ','45L','55Kw',5,'5M','5D HATCHBACK','FWD','2460mm',50),(14929,'VOLKSWAGEN','TOUAREG','7L R5 TDi LUXURY',2006,78600,'2.5L','DIESEL TURBO F/INJ','100L','128Kw',5,'6ATip','4D WAGON','4WD','2855mm',50),(14930,'VOLKSWAGEN','CADDY','2K LIFE',2006,34990,'1.9L','DIESEL TURBO F/INJ','60L','77Kw',5,'6ADSG','4D WAGON','FWD','2682mm',50),(14940,'VOLKSWAGEN','GOLF','1K 2.0 TDI COMFORTLINE',2004,32490,'2.0L','DIESEL TURBO F/INJ','55L','103Kw',5,'6M','5D HATCHBACK','FWD','2578mm',50),(14941,'VOLKSWAGEN','BORA','1J 2.0',2001,36350,'2.0L','MULTI POINT F/INJ','55L','85Kw',5,'5M','4D SEDAN','FWD','2500mm',50),(14942,'VOLKSWAGEN','POLO','9N MY06 UPGRADE CLUB',2006,16990,'1.4L','MULTI POINT F/INJ','45L','55Kw',5,'5M','3D HATCHBACK','FWD','2465mm',50),(14943,'VOLKSWAGEN','CADDY','2K 1.9 TDi',2006,24990,'1.9L','DIESEL TURBO F/INJ','60L','77Kw',2,'5M','VAN','FWD','2682mm',50),(14944,'VOLKSWAGEN','POLO','9N',2003,19800,'1.4L','MULTI POINT F/INJ','45L','55Kw',5,'5M','3D HATCHBACK','FWD','2460mm',50),(14945,'VOLKSWAGEN','GOLF','1.6 GENERATION',2004,25990,'1.6L','MULTI POINT F/INJ','55L','75Kw',5,'5M','5D HATCHBACK','FWD','2511mm',50),(14946,'VOLKSWAGEN','POLO','9N MY07 UPGRADE GTi',2007,26990,'1.8L','TURBO MPFI','45L','110Kw',5,'5M','3D HATCHBACK','FWD','2466mm',50),(14947,'VOLKSWAGEN','GOLF','GL',1999,31190,'1.6L','MULTI POINT F/INJ','55L','74Kw',5,'4A','5D HATCHBACK','FWD','2511mm',50),(14948,'VOLKSWAGEN','GOLF','1K 2.0 TDI COMFORTLINE',2006,34790,'2.0L','DIESEL TURBO F/INJ','55L','103Kw',5,'6ADSG','5D HATCHBACK','FWD','2578mm',50),(14949,'VOLKSWAGEN','GOLF','GL',2000,25990,'1.6L','MULTI POINT F/INJ','55L','74Kw',5,'5M','5D HATCHBACK','FWD','2511mm',50),(14950,'VOLKSWAGEN','GOLF','1K 1.6 TRENDLINE',2005,25490,'1.6L','MULTI POINT F/INJ','55L','75Kw',5,'5M','5D HATCHBACK','FWD','2578mm',50),(14960,'VOLKSWAGEN','PASSAT','3C 2.0T FSI',2006,44990,'2.0L','TURBO MPFI','70L','147Kw',5,'6ATip','4D SEDAN','FWD','2709mm',50),(14961,'VOLKSWAGEN','TOUAREG','7L R5 TDi LUXURY',2005,78600,'2.5L','DIESEL TURBO F/INJ','100L','128Kw',5,'6ATip','4D WAGON','4WD','2855mm',50),(14962,'VOLKSWAGEN','PASSAT','3C 3.2 V6 FSI',2006,54990,'3.2L','MULTI POINT F/INJ','70L','184Kw',5,'6ADSG','4D SEDAN','AWD','2709mm',50),(14964,'VOLKSWAGEN','GOLF','2.0 S',2002,29490,'2.0L','MULTI POINT F/INJ','55L','85Kw',5,'5M','5D HATCHBACK','FWD','2511mm',50),(14965,'VOLKSWAGEN','CARAVELLE','V6',2003,59990,'2.8L','MULTI POINT F/INJ','80L','150Kw',8,'4A','4D WAGON','FWD','2920mm',50),(14966,'VOLKSWAGEN','GOLF','2.0 GENERATION',2004,29490,'2.0L','MULTI POINT F/INJ','55L','85Kw',5,'4A','5D HATCHBACK','FWD','2511mm',50),(14967,'VOLKSWAGEN','POLO','OPEN AIR',1999,21490,'1.6L','MULTI POINT F/INJ','45L','55Kw',5,'5M','5D HATCHBACK','FWD','2400mm',50),(14969,'VOLKSWAGEN','1600','SUPER BUG L',1975,3798,'1.6L','CARB','42L','37Kw',4,'4M','2D SEDAN','RWD','2420mm',50),(14984,'ALFA ROMEO','GTV','2',1999,61990,'2.0L','MULTI POINT F/INJ','70L','114Kw',4,'5M','2D COUPE','FWD','2540mm',50),(14985,'ALFA ROMEO','156','V6 24V',2002,57500,'2.5L','MULTI POINT F/INJ','63L','140Kw',5,'6M','4D SEDAN','FWD','2595mm',50),(15000,'ALFA ROMEO','147','GTA MONZA',2005,59990,'3.2L','MULTI POINT F/INJ','63L','184Kw',5,'6M','3D HATCHBACK','FWD','2546mm',50),(15001,'ALFA ROMEO','156','2.0 SELESPEED TWIN SPARK',1999,49950,'2.0L','MULTI POINT F/INJ','63L','114Kw',5,'5MSel','4D SEDAN','FWD','2595mm',50),(15002,'ALFA ROMEO','147','2.0 TWIN SPARK',2003,39500,'2.0L','MULTI POINT F/INJ','60L','110Kw',5,'5M','5D HATCHBACK','FWD','2546mm',50),(15003,'MERCEDES-BENZ','SLK','R171 200K',2004,86900,'1.8L','SUPERCHARGED MPFI','70L','120Kw',2,'5ATS','2D CONVERTIBLE','RWD','2430mm',50),(15004,'MERCEDES-BENZ','ML','W163 270 CDI 4x4',2002,69474,'2.7L','TURBO CDI','83L','120Kw',5,'5ATS','4D WAGON','4WD','2820mm',50),(15005,'MERCEDES-BENZ','ML','W163 320 LUXURY 4x4',2002,77274,'3.2L','MULTI POINT F/INJ','83L','160Kw',5,'5ATS','4D WAGON','4WD','2820mm',50),(15006,'MERCEDES-BENZ','C180','W203 KOMPRESSOR AVANTGARDE',2002,61400,'1.8L','SUPERCHARGED MPFI','70L','105Kw',5,'5ATS','4D SEDAN','RWD','2715mm',50),(15007,'MERCEDES-BENZ','ML','320 LUXURY 4x4',2000,72900,'3.2L','MULTI POINT F/INJ','70L','160Kw',5,'5ATS','4D WAGON','4WD','2820mm',50),(15008,'MERCEDES-BENZ','SLK230','KOMPRESSOR',2000,95380,'2.3L','SUPERCHARGED MPFI','53L','142Kw',2,'5A','2D CONVERTIBLE','RWD','2400mm',50),(15009,'MERCEDES-BENZ','ML','W163 500 LUXURY 4x4',2004,99900,'5.0L','MULTI POINT F/INJ','83L','215Kw',5,'5ATS','4D WAGON','4WD','2820mm',50),(15010,'MERCEDES-BENZ','300','TE',1991,124500,'3.0L','ELECTRONIC F/INJ','70L','135Kw',7,'4A','4D WAGON','RWD','2800mm',50),(15011,'MERCEDES-BENZ','C200','W202 ELEGANCE',2000,64580,'2.0L','MULTI POINT F/INJ','62L','100Kw',5,'5A','4D SEDAN','RWD','2690mm',50),(15020,'MERCEDES-BENZ','280','W126 SE',1982,55979,'2.7L','ELECTRONIC F/INJ','90L','125Kw',5,'4A','4D SEDAN','RWD','2935mm',50),(15022,'MERCEDES-BENZ','ML','320 LUXURY 4x4',1999,73400,'3.2L','MULTI POINT F/INJ','70L','160Kw',5,'5ATS','4D WAGON','4WD','2820mm',50),(15023,'MERCEDES-BENZ','ML','W163 270 CDI LUXURY 4x4',2003,77274,'2.7L','TURBO CDI','83L','120Kw',5,'5ATS','4D WAGON','4WD','2820mm',50),(15024,'MERCEDES-BENZ','E280','W210 ELEGANCE',1999,112400,'2.8L','MULTI POINT F/INJ','80L','150Kw',5,'5ASeq','4D SEDAN','RWD','2833mm',50),(15025,'MERCEDES-BENZ','VITO','115CDI COMPACT CREW CAB',2005,48380,'2.1L','DIESEL TURBO F/INJ','75L','110Kw',5,'5A','5D VAN','RWD','3200mm',50),(15026,'MERCEDES-BENZ','180','E LIMITED EDITION',1993,47115,'1.8L','ELECTRONIC F/INJ','55L','82Kw',5,'4A','4D SEDAN','RWD','2665mm',50),(15027,'MERCEDES-BENZ','A160','AVANTGARDE',1999,41400,'1.6L','MULTI POINT F/INJ','54L','75Kw',5,'5MSeq','5D HATCHBACK','FWD','2423mm',50),(15028,'MERCEDES-BENZ','ML','270 CDI 4x4',2001,64900,'2.7L','TURBO CDI','70L','120Kw',5,'5ATS','4D WAGON','4WD','2820mm',50),(15029,'MERCEDES-BENZ','A170','W169 ELEGANCE',2006,42400,'1.7L','MULTI POINT F/INJ','54L','85Kw',5,'CVT7','5D HATCHBACK','FWD','2568mm',50),(15030,'MERCEDES-BENZ','300','W124 E',1986,79296,'3.0L','ELECTRONIC F/INJ','70L','135Kw',5,'4A','4D SEDAN','RWD','2800mm',50),(15040,'MERCEDES-BENZ','230','W124 E',1988,87100,'2.3L','ELECTRONIC F/INJ','70L','97Kw',5,'4A','4D SEDAN','RWD','2800mm',50),(15041,'MERCEDES-BENZ','180','E LIMITED EDITION',1992,45690,'1.8L','ELECTRONIC F/INJ','55L','82Kw',5,'4A','4D SEDAN','RWD','2665mm',50),(15042,'MERCEDES-BENZ','E55','211 MY06 UPGRADE AMG',2006,225600,'5.4L','SUPERCHARGED MPFI','80L','350Kw',5,'5ATSh','4D SEDAN','RWD','2854mm',50),(15043,'MERCEDES-BENZ','380','SEL',1982,68795,'3.8L','ELECTRONIC F/INJ','90L','145Kw',5,'4A','4D SEDAN','RWD','3075mm',50),(15044,'MERCEDES-BENZ','A190','W168 LWB ELEGANCE',2004,42900,'1.9L','MULTI POINT F/INJ','54L','92Kw',5,'5MSeq','5D HATCHBACK','FWD','2593mm',50),(15045,'MERCEDES-BENZ','180','E LIMITED EDITION',1994,47115,'1.8L','ELECTRONIC F/INJ','55L','82Kw',5,'4A','4D SEDAN','RWD','2665mm',50),(15046,'MERCEDES-BENZ','A190','W168 AVANTGARDE',2001,41230,'1.9L','MULTI POINT F/INJ','54L','92Kw',5,'5MSeq','5D HATCHBACK','FWD','2423mm',50),(15047,'MERCEDES-BENZ','CLK230','KOMP ELEGANCE',2000,111580,'2.3L','SUPERCHARGED MPFI','62L','142Kw',4,'5A','2D CABRIOLET','RWD','2690mm',50),(15048,'MERCEDES-BENZ','A190','W168 AVANTGARDE',2000,41230,'1.9L','MULTI POINT F/INJ','54L','92Kw',5,'5MSeq','5D HATCHBACK','FWD','2423mm',50),(15049,'MERCEDES-BENZ','ML','W163 500 LUXURY 4x4',2001,98500,'5.0L','MULTI POINT F/INJ','83L','215Kw',5,'5ATS','4D WAGON','4WD','2820mm',50),(15050,'MERCEDES-BENZ','E500','211 AVANTGARDE',2002,153900,'5.0L','MULTI POINT F/INJ','89L','225Kw',5,'5ATSh','4D SEDAN','RWD','2854mm',50),(15063,'RENAULT','CLIO','SPORT',2002,33990,'2.0L','MULTI POINT F/INJ','50L','124Kw',5,'5M','3D HATCHBACK','FWD','2472mm',50),(15066,'RENAULT','CLIO','CAMPUS',2006,18990,'1.4L','MULTI POINT F/INJ','50L','72Kw',5,'5M','5D HATCHBACK','FWD','2472mm',50),(15068,'RENAULT','SCENIC','PRIVILEGE',2003,37990,'2.0L','MULTI POINT F/INJ','60L','101Kw',5,'4A','5D WAGON','FWD','2580mm',50),(15080,'RENAULT','19','RT',1995,26790,'1.7L','MULTI POINT F/INJ','55L','68Kw',5,'5M','5D HATCHBACK','FWD','2540mm',50),(15081,'RENAULT','MEGANE','PRIVILEGE',2004,35990,'2.0L','MULTI POINT F/INJ','60L','98Kw',5,'4A','4D SEDAN','FWD','2686mm',50),(15082,'RENAULT','MEGANE','EXPRESSION',2002,41490,'1.6L','MULTI POINT F/INJ','60L','79Kw',4,'5M','2D CABRIOLET','FWD','2461mm',50),(15083,'VOLVO','S60','05 UPGRADE 2.4 20V SE',2006,56950,'2.4L','MULTI POINT F/INJ','70L','125Kw',5,'5A','4D SEDAN','FWD','2715mm',50),(15084,'VOLVO','V50','MY08 D5',2008,47950,'2.4L','DIESEL TURBO F/INJ','60L','132Kw',5,'5AG','4D WAGON','FWD','2640mm',50),(15085,'VOLVO','7','40 TURBO',1989,65900,'2.3L','TURBO EFI','82L','119Kw',5,'4A','4D SEDAN','RWD','2770mm',50),(15087,'VOLVO','8','50 GLE',1992,45690,'2.4L','ELECTRONIC F/INJ','73L','103Kw',5,'4A','4D SEDAN','FWD','2665mm',50),(15088,'VOLVO','XC70','05 UPGRADE II LIFESTYLE EDITION LE',2005,64450,'2.5L','TURBO MPFI','70L','154Kw',5,'5AG','4D WAGON','AWD','2761mm',50),(15089,'VOLVO','V50','MY07 2.4 LE',2007,47950,'2.4L','MULTI POINT F/INJ','62L','125Kw',5,'5AG','4D WAGON','FWD','2640mm',50),(15100,'VOLVO','S40','MY2003 2.0 SE',2003,47950,'1.9L','MULTI POINT F/INJ','60L','100Kw',5,'5A','4D SEDAN','FWD','2562mm',50),(15101,'VOLVO','S40','MY2001 2.0 SE',2001,47950,'1.9L','MULTI POINT F/INJ','60L','100Kw',5,'5A','4D SEDAN','FWD','2562mm',50),(15102,'VOLVO','8','50 GLE',1994,47950,'2.4L','ELECTRONIC F/INJ','73L','103Kw',5,'4A','4D SEDAN','FWD','2665mm',50),(15103,'VOLVO','S80','T6 SE',2001,98950,'2.8L','TWIN TURBO MPFI','80L','200Kw',5,'4AG','4D SEDAN','RWD','2791mm',50),(15104,'VOLVO','8','50 SE',1997,59950,'2.4L','MULTI POINT F/INJ','73L','125Kw',5,'4A','5D WAGON','FWD','2665mm',50),(15105,'VOLVO','V40','2',1997,45950,'1.9L','MULTI POINT F/INJ','60L','103Kw',5,'4A','5D WAGON','FWD','2550mm',50),(15106,'VOLVO','S40','2',1997,44950,'1.9L','MULTI POINT F/INJ','60L','103Kw',5,'4A','4D SEDAN','FWD','2550mm',50),(15107,'VOLVO','XC90','MY06 LIFESTYLE EDITION LE',2006,69950,'2.5L','TURBO MPFI','72L','154Kw',7,'5AG','4D WAGON','AWD','2857mm',50),(15108,'VOLVO','S40','T4',1998,53450,'1.9L','TURBO MPFI','60L','147Kw',5,'5M','4D SEDAN','FWD','2550mm',50),(15109,'VOLVO','4','40 GLT',1994,40950,'2.0L','ELECTRONIC F/INJ','60L','80Kw',5,'4A','4D HATCHBACK','FWD','2503mm',50),(15110,'VOLVO','2','44 GL',1979,11220,'2.1L','FUEL INJECTED','60L','91Kw',5,'3A','4D SEDAN','RWD','2640mm',50),(15119,'VOLVO','4','40 GLT',1996,45500,'2.0L','ELECTRONIC F/INJ','60L','80Kw',5,'4A','4D HATCHBACK','FWD','2503mm',50),(15121,'VOLVO','S40','MY06 T5 AWD',2006,54950,'2.5L','TURBO MPFI','57L','162Kw',5,'5AG','4D SEDAN','AWD','2640mm',50),(15122,'NISSAN','200','S15 SX SPEC S GT',2002,42990,'2.0L','TURBO MPFI','65L','147Kw',4,'6M','2D COUPE','RWD','2525mm',50),(15123,'NISSAN','200','SX SPORTS LIMITED',1994,38500,'2.0L','TURBO MPFI','65L','147Kw',4,'5M','2D COUPE','RWD','2525mm',50),(15124,'NISSAN','200','SX SPORTS',1996,44510,'2.0L','TURBO MPFI','65L','147Kw',4,'5M','2D COUPE','RWD','2525mm',50),(15125,'NISSAN','200','S15 SX SPEC S',2002,40990,'2.0L','TURBO MPFI','65L','147Kw',4,'6M','2D COUPE','RWD','2525mm',50),(15126,'NISSAN','200','S15 SX SPEC R GT',2002,46490,'2.0L','TURBO MPFI','65L','147Kw',4,'6M','2D COUPE','RWD','2525mm',50),(15127,'NISSAN','200','SX SPORTS LIMITED',1998,39990,'2.0L','TURBO MPFI','65L','147Kw',4,'5M','2D COUPE','RWD','2525mm',50),(15128,'NISSAN','200','S15 SX SPEC S',2001,40990,'2.0L','TURBO MPFI','65L','147Kw',4,'6M','2D COUPE','RWD','2525mm',50),(15129,'NISSAN','200','SX LUXURY',1998,49995,'2.0L','TURBO MPFI','65L','147Kw',4,'5M','2D COUPE','RWD','2525mm',50),(15130,'PEUGEOT','205','GTi',1990,33750,'1.9L','ELECTRONIC F/INJ','50L','75Kw',5,'5M','3D HATCHBACK','FWD','2420mm',50),(15140,'PEUGEOT','406','D8 ST',1997,39995,'2.0L','MULTI POINT F/INJ','70L','100Kw',5,'5M','4D SEDAN','FWD','2700mm',50),(15142,'PEUGEOT','405','Mi16',1993,41995,'2.0L','ELECTRONIC F/INJ','70L','112Kw',5,'5M','4D SEDAN','FWD','2669mm',50),(15143,'PEUGEOT','306','XT',2000,29490,'2.0L','MULTI POINT F/INJ','60L','100Kw',5,'5M','5D HATCHBACK','FWD','2580mm',50),(15144,'PEUGEOT','206','XT',2001,22990,'1.6L','MULTI POINT F/INJ','50L','67Kw',5,'5M','5D HATCHBACK','FWD','2442mm',50),(15146,'PEUGEOT','206','GTi',2004,29990,'2.0L','MULTI POINT F/INJ','50L','102Kw',5,'5M','3D HATCHBACK','FWD','2442mm',50),(15147,'PEUGEOT','406','D9',2004,69550,'2.9L','MULTI POINT F/INJ','70L','157Kw',4,'5M','2D COUPE','FWD','2700mm',50),(15148,'PEUGEOT','206','CC',2005,32990,'1.6L','MULTI POINT F/INJ','50L','80Kw',4,'5M','2D CABRIOLET','FWD','2442mm',50),(15149,'PEUGEOT','307','XSE',2003,31790,'2.0L','MULTI POINT F/INJ','60L','100Kw',5,'5M','5D HATCHBACK','FWD','2608mm',50),(15150,'PEUGEOT','206','XR',2002,19990,'1.4L','MULTI POINT F/INJ','50L','55Kw',5,'5M','5D HATCHBACK','FWD','2442mm',50),(15160,'PEUGEOT','405','D60 SRI',1992,34995,'1.9L','ELECTRONIC F/INJ','70L','80Kw',5,'5M','4D SEDAN','FWD','2669mm',50),(15161,'PEUGEOT','307','MY06 UPGRADE XSE HDi 2.0',2006,32290,'2.0L','DIESEL TURBO F/INJ','60L','100Kw',5,'6M','5D HATCHBACK','FWD','2608mm',50),(15162,'PEUGEOT','206','XT',2000,22450,'1.6L','MULTI POINT F/INJ','50L','67Kw',5,'5M','5D HATCHBACK','FWD','2442mm',50),(15163,'PEUGEOT','307','MY06 UPGRADE SPORT 2.0',2005,37990,'2.0L','MULTI POINT F/INJ','60L','130Kw',5,'5M','5D HATCHBACK','FWD','2608mm',50),(15165,'PEUGEOT','206','CC',2006,34990,'1.6L','MULTI POINT F/INJ','50L','80Kw',4,'4ATip','2D CABRIOLET','FWD','2442mm',50),(15166,'PEUGEOT','307','XSE',2004,33990,'2.0L','MULTI POINT F/INJ','60L','100Kw',5,'4ATip','5D HATCHBACK','FWD','2608mm',50),(15167,'PEUGEOT','206','C',2006,22990,'1.6L','MULTI POINT F/INJ','50L','82Kw',5,'5M','5D HATCHBACK','FWD','2442mm',50),(15168,'PEUGEOT','206','XR',2004,19990,'1.4L','MULTI POINT F/INJ','50L','55Kw',5,'5M','5D HATCHBACK','FWD','2442mm',50),(15169,'PEUGEOT','307','MY06 UPGRADE XSE HDi 2.0 TOURING',2006,33990,'2.0L','DIESEL TURBO F/INJ','60L','100Kw',5,'6M','4D WAGON','FWD','2708mm',50),(15181,'PEUGEOT','206','XR',2003,21990,'1.6L','MULTI POINT F/INJ','50L','82Kw',5,'5M','3D HATCHBACK','FWD','2442mm',50),(15184,'EUNOS','800','M',1996,85165,'2.3L','MILLER CYCLE','68L','149Kw',5,'4A','4D SEDAN','FWD','2750mm',50),(15186,'EUNOS','30','X SPORT',1996,37155,'1.8L','ELECTRONIC F/INJ','50L','99Kw',4,'5M','2D COUPE','FWD','2455mm',50),(15199,'CHRYSLER','VALIANT','CM GLX',1979,8014,'4.3L','CARB','79L','120Kw',5,'3A','4D SEDAN','RWD','2820mm',50),(15200,'CHRYSLER','300C','LE MY06 CRD',2006,57990,'3.0L','DIESEL TURBO F/INJ','71L','160Kw',5,'5A','4D SEDAN','RWD','3050mm',50),(15201,'CHRYSLER','VOYAGER','RG SE',2002,52590,'3.3L','MULTI POINT F/INJ','75L','128Kw',7,'4A','4D WAGON','FWD','2787mm',50),(15202,'CHRYSLER','CROSSFIRE','ZH ROADSTER',2005,75990,'3.2L','MULTI POINT F/INJ','60L','160Kw',2,'5ASeq','2D CONVERTIBLE','RWD','2400mm',50),(15203,'CHRYSLER','VOYAGER','GS SE',1999,48200,'3.3L','MULTI POINT F/INJ','76L','116Kw',7,'4A','4D WAGON','FWD','2878mm',50),(15204,'CHRYSLER','PT CRUISER','MY06 CLASSIC',2005,31990,'2.4L','MULTI POINT F/INJ','57L','105Kw',5,'4A','5D HATCHBACK','FWD','2616mm',50),(15205,'CHRYSLER','PT CRUISER','CLASSIC',2001,35200,'2.0L','MULTI POINT F/INJ','57L','104Kw',5,'5M','5D HATCHBACK','FWD','2616mm',50),(15207,'CHRYSLER','300C','LE MY06 SRT8',2006,71990,'6.1L','MULTI POINT F/INJ','71L','317Kw',5,'5A','4D SEDAN','RWD','3050mm',50),(15208,'CHRYSLER','GRAND VOYAGER','RG SE',2004,59090,'3.3L','MULTI POINT F/INJ','75L','128Kw',7,'4A','4D WAGON','FWD','3030mm',50),(15209,'CHRYSLER','NEON','SE',1997,24880,'2.0L','ELECTRONIC F/INJ','47L','98Kw',5,'3A','4D SEDAN','FWD','2642mm',50),(15210,'CHRYSLER','PT CRUISER','CLASSIC',2004,32490,'2.0L','MULTI POINT F/INJ','57L','104Kw',5,'4A','5D HATCHBACK','FWD','2616mm',50),(15220,'CHRYSLER','VOYAGER','RG 05 UPGRADE LX',2004,62980,'3.3L','MULTI POINT F/INJ','75L','128Kw',7,'4A','4D WAGON','FWD','3030mm',50),(15221,'CHRYSLER','PT CRUISER','LIMITED',2004,38490,'2.0L','MULTI POINT F/INJ','57L','104Kw',5,'4A','5D HATCHBACK','FWD','2616mm',50),(15222,'CHRYSLER','VOYAGER','GS SE',2001,46900,'3.3L','MULTI POINT F/INJ','76L','116Kw',7,'4A','4D WAGON','FWD','2878mm',50),(15223,'MAZDA','323','PROTEGE',1999,20990,'1.6L','MULTI POINT F/INJ','55L','78Kw',5,'5M','4D SEDAN','FWD','2610mm',50),(15224,'MAZDA','323','ASTINA',1997,35700,'2.0L','MULTI POINT F/INJ','55L','104Kw',5,'5M','5D HATCHBACK','FWD','2605mm',50),(15225,'MAZDA','323','ASTINA SHADES',2001,20490,'1.6L','MULTI POINT F/INJ','55L','78Kw',5,'5M','5D HATCHBACK','FWD','2605mm',50),(15226,'MAZDA','323','DELUXE',1983,8835,'1.5L','CARB','45L','54Kw',4,'5M','4D WAGON','RWD','2315mm',50),(15227,'MAZDA','323','PROTEGE SHADES',2000,19715,'1.6L','MULTI POINT F/INJ','55L','78Kw',5,'5M','4D SEDAN','FWD','2610mm',50),(15228,'MAZDA','323','PROTEGE',1997,22915,'1.8L','MULTI POINT F/INJ','55L','92Kw',5,'5M','4D SEDAN','FWD','2605mm',50),(15229,'MAZDA','323','ASTINA',1995,31050,'1.8L','MULTI POINT F/INJ','55L','92Kw',5,'4A','5D HATCHBACK','FWD','2605mm',50),(15230,'MAZDA','323','PROTEGE',1998,22915,'1.8L','MULTI POINT F/INJ','55L','92Kw',5,'5M','4D SEDAN','FWD','2605mm',50),(15240,'MAZDA','323','PROTEGE',2000,19715,'1.6L','MULTI POINT F/INJ','55L','78Kw',5,'5M','4D SEDAN','FWD','2610mm',50),(15241,'MAZDA','323','ASTINA',1993,25715,'1.8L','MULTI POINT F/INJ','55L','76Kw',5,'5M','5D HATCHBACK','FWD','2500mm',50),(15242,'MAZDA','323','ASTINA SHADES',2000,19715,'1.6L','MULTI POINT F/INJ','55L','78Kw',5,'5M','5D HATCHBACK','FWD','2605mm',50),(15243,'MAZDA','323','ASTINA',1996,38270,'2.0L','MULTI POINT F/INJ','55L','104Kw',5,'5M','5D HATCHBACK','FWD','2605mm',50),(15244,'MAZDA','323','ASTINA',1998,28480,'1.8L','MULTI POINT F/INJ','55L','92Kw',5,'4A','5D HATCHBACK','FWD','2605mm',50),(15245,'MAZDA','323','SUPER DELUXE',1989,20210,'1.6L','MULTI POINT F/INJ','48L','61Kw',5,'4A','5D HATCHBACK','FWD','2400mm',50),(15246,'MAZDA','323','PROTEGE',2003,21840,'1.8L','MULTI POINT F/INJ','55L','92Kw',5,'4A','4D SEDAN','FWD','2610mm',50),(15247,'MAZDA','323','ASTINA',2003,21840,'1.8L','MULTI POINT F/INJ','55L','92Kw',5,'4A','5D HATCHBACK','FWD','2610mm',50),(15248,'MAZDA','323','SUPER DELUXE',1988,19390,'1.6L','CARB','48L','53Kw',5,'3A','5D HATCHBACK','FWD','2400mm',50),(15249,'MAZDA','323','ASTINA SHADES',1998,26990,'1.8L','MULTI POINT F/INJ','55L','92Kw',5,'5M','5D HATCHBACK','FWD','2605mm',50),(15250,'MAZDA','323','ASTINA SP',1994,30085,'1.8L','MULTI POINT F/INJ','55L','92Kw',5,'5M','5D HATCHBACK','FWD','2500mm',50),(15259,'MAZDA','323','LIMITED',1985,15826,'1.6L','MULTI POINT F/INJ','45L','61Kw',5,'5M','5D HATCHBACK','FWD','2400mm',50),(15260,'MAZDA','323','ASTINA SP20',2002,29180,'2.0L','MULTI POINT F/INJ','55L','98Kw',5,'5M','5D HATCHBACK','FWD','2610mm',50),(15261,'MAZDA','323','PROTEGE SHADES',2002,20695,'1.6L','MULTI POINT F/INJ','55L','78Kw',5,'5M','4D SEDAN','FWD','2605mm',50),(15263,'MAZDA','323','BJ PROTEGE SHADES',2003,19990,'1.8L','MULTI POINT F/INJ','55L','92Kw',5,'5M','4D SEDAN','FWD','2610mm',50),(15264,'MAZDA','323','PROTEGE SP20',2002,26990,'2.0L','MULTI POINT F/INJ','55L','98Kw',5,'5M','4D SEDAN','FWD','2610mm',50),(15280,'MITSUBISHI','380','DB',2005,35990,'3.8L','MULTI POINT F/INJ','67L','175Kw',5,'5ASPM','4D SEDAN','FWD','2750mm',50),(15282,'TOYOTA','4 RUNNER','DELUXE 4x4',1989,28200,'2.4L','CARB','65L','75Kw',5,'5M4x4','4D WAGON','4WD','2625mm',50),(15284,'TOYOTA','4 RUNNER','RV6 4x4',1992,36954,'3.0L','ELECTRONIC F/INJ','65L','105Kw',5,'4A4x4','4D WAGON','4WD','2625mm',50),(15297,'MAZDA','626','CLASSIC',2000,31070,'2.0L','MULTI POINT F/INJ','64L','93Kw',5,'5M','5D HATCHBACK','FWD','2610mm',50),(15300,'MAZDA','626','ECLIPSE',2002,31980,'2.0L','MULTI POINT F/INJ','64L','93Kw',5,'4A','4D SEDAN','FWD','2610mm',50),(15301,'MAZDA','626','LUXURY',1999,37290,'2.0L','MULTI POINT F/INJ','64L','93Kw',5,'4A','5D HATCHBACK','FWD','2610mm',50),(15302,'MAZDA','626','DELUXE',1994,31335,'2.0L','MULTI POINT F/INJ','60L','85Kw',5,'4A','4D SEDAN','FWD','2610mm',50),(15303,'MAZDA','626','CLASSIC',1998,30180,'2.0L','MULTI POINT F/INJ','64L','93Kw',5,'5M','4D SEDAN','FWD','2610mm',50),(15304,'MAZDA','626','CLASSIC',1999,32430,'2.0L','MULTI POINT F/INJ','64L','93Kw',5,'4A','4D SEDAN','FWD','2610mm',50),(15305,'MAZDA','626','CLASSIC',2001,32900,'2.0L','MULTI POINT F/INJ','64L','93Kw',5,'4A','5D HATCHBACK','FWD','2610mm',50),(15306,'MAZDA','626','LIMITED EDITION',2000,30160,'2.0L','MULTI POINT F/INJ','64L','93Kw',5,'5M','4D SEDAN','FWD','2610mm',50),(15307,'AUDI','A4','B6 2.0',2002,50650,'2.0L','MULTI POINT F/INJ','70L','96Kw',5,'CVTM','4D SEDAN','FWD','2650mm',50),(15308,'AUDI','A3','8P SPORTBACK 2.0 TDI AMBITION DSG',2005,47750,'2.0L','DIESEL TURBO F/INJ','55L','103Kw',5,'6ADSG','5D HATCHBACK','FWD','2578mm',50),(15309,'AUDI','90','SPORT',1990,42245,'2.3L','ELECTRONIC F/INJ','68L','100Kw',5,'5M','4D SEDAN','FWD','2546mm',50),(15310,'AUDI','A4','B7 2.0',2007,50450,'2.0L','MULTI POINT F/INJ','70L','96Kw',5,'CVTM','4D SEDAN','FWD','2648mm',50),(15316,'AUDI','TT','MY99',1999,73000,'1.8L','TURBO MPFI','55L','132Kw',4,'5M','2D COUPE','FWD','2419mm',50),(15317,'AUDI','A4','1.8 SE 20V',1996,51320,'1.8L','MULTI POINT F/INJ','60L','92Kw',5,'4A','4D SEDAN','FWD','2617mm',50),(15321,'AUDI','A4','B6 2.0 AVANT',2003,54250,'2.0L','MULTI POINT F/INJ','70L','96Kw',5,'CVTM6','4D WAGON','FWD','2650mm',50),(15322,'AUDI','ALLROAD QUATTRO','C5',2001,99250,'2.7L','TWIN TURBO MPFI','70L','184Kw',5,'5ATip','4D WAGON','AWD','2760mm',50),(15323,'AUDI','A3','1.6',2003,35400,'1.6L','MULTI POINT F/INJ','55L','75Kw',5,'5M','5D HATCHBACK','FWD','2512mm',50),(15324,'AUDI','S3','1.8',2000,65850,'1.8L','TURBO MPFI','62L','154Kw',5,'6M','3D HATCHBACK','AWD','2519mm',50),(15325,'AUDI','A3','8P SPORTBACK 2.0 TDI AMBITION DSG',2006,47750,'2.0L','DIESEL TURBO F/INJ','55L','103Kw',5,'6ADSG','5D HATCHBACK','FWD','2578mm',50),(15326,'AUDI','A3','1.8',1999,42450,'1.8L','MULTI POINT F/INJ','55L','92Kw',5,'4A','3D HATCHBACK','FWD','2512mm',50),(15327,'AUDI','A3','1.8 TURBO',2004,44950,'1.8L','TURBO MPFI','55L','110Kw',5,'5M','5D HATCHBACK','FWD','2512mm',50),(15328,'AUDI','TT','QUATTRO',2004,92500,'1.8L','TURBO MPFI','62L','165Kw',2,'6M','2D ROADSTER','AWD','2429mm',50),(15329,'AUDI','A3','1.8',2002,38700,'1.8L','MULTI POINT F/INJ','55L','92Kw',5,'5M','5D HATCHBACK','FWD','2512mm',50),(15330,'AUDI','A6','4B 2.4 V6',2003,80900,'2.4L','MULTI POINT F/INJ','70L','125Kw',5,'CVTM6','4D SEDAN','FWD','2749mm',50),(15340,'SAAB','9-Mar','MY07 LINEAR SPORT 1.9TiD SPORTCOMBI',2007,53400,'1.9L','TURBO MPFI','58L','110Kw',5,'5A','4D WAGON','FWD','2675mm',50),(15341,'SAAB','9-May','SE',2000,67986,'2.3L','TURBO MPFI','75L','125Kw',5,'4A','4D SEDAN','FWD','2703mm',50),(15342,'SAAB','9-Mar','MY04 ARC 2.0T',2004,56400,'2.0L','TURBO MPFI','62L','129Kw',5,'5A','4D SEDAN','FWD','2675mm',50),(15343,'SAAB','9-Mar','MY02 AERO',2002,64575,'2.0L','TURBO MPFI','68L','151Kw',5,'4A','5D HATCHBACK','FWD','2605mm',50),(15344,'SAAB','9-May','MY04 AERO',2004,84900,'2.3L','TURBO MPFI','75L','184Kw',5,'5AST','4D SEDAN','FWD','2703mm',50),(15345,'SAAB','900','SE 2.5 V6',1996,63900,'2.5L','MULTI POINT F/INJ','68L','125Kw',5,'4A','5D HATCHBACK','FWD','2600mm',50),(15346,'SAAB','9-Mar','MY03 TURBO 2.0t LTD ED',2003,73000,'2.0L','TURBO MPFI','68L','110Kw',5,'4A','2D CONVERTIBLE','FWD','2605mm',50),(15347,'SAAB','9000','CS ANNIVERSARY',1998,54900,'2.3L','TURBO EFI','66L','125Kw',5,'4A','4D HATCHBACK','FWD','2672mm',50),(15348,'SAAB','900','S 2.5 V6',1994,45900,'2.5L','MULTI POINT F/INJ','68L','125Kw',5,'5M','5D HATCHBACK','FWD','2600mm',50),(15349,'SAAB','9-May','MY01 S',2001,64000,'2.3L','TURBO MPFI','75L','136Kw',5,'4A','4D SEDAN','FWD','2703mm',50),(15350,'SAAB','9-Mar','MY05 AERO',2005,93000,'2.0L','TURBO MPFI','62L','155Kw',4,'5ASEN','2D CONVERTIBLE','FWD','2675mm',50),(15357,'SAAB','9000','CSE',1994,79200,'2.3L','TURBO EFI','66L','147Kw',5,'4A','4D HATCHBACK','FWD','2672mm',50),(15360,'SAAB','9-Mar','AERO',2000,80887,'2.0L','TURBO MPFI','64L','158Kw',5,'5M','2D CONVERTIBLE','FWD','2605mm',50),(15361,'SAAB','9-Mar','S',2001,63885,'2.0L','TURBO MPFI','68L','113Kw',4,'5M','2D CONVERTIBLE','FWD','2605mm',50),(15362,'SAAB','9-Mar','MY04 AERO 2.0t',2004,67900,'2.0L','TURBO MPFI','62L','155Kw',5,'6M','4D SEDAN','FWD','2675mm',50),(15363,'SAAB','9000','CS',1997,52000,'2.3L','TURBO EFI','66L','125Kw',5,'4A','4D HATCHBACK','FWD','2672mm',50),(15364,'SAAB','9000','CS',1996,50400,'2.3L','TURBO EFI','66L','125Kw',5,'4A','4D HATCHBACK','FWD','2672mm',50),(15365,'SAAB','9-Mar','S',2000,65985,'2.0L','TURBO MPFI','68L','113Kw',4,'4A','2D CONVERTIBLE','FWD','2605mm',50),(15366,'SAAB','9-Mar','SE',1999,62000,'2.0L','TURBO MPFI','68L','136Kw',5,'4A','5D SEDAN','FWD','2605mm',50),(15367,'SAAB','9000','CD 16',1993,46990,'2.3L','ELECTRONIC F/INJ','66L','108Kw',5,'4A','4D SEDAN','FWD','2672mm',50),(15368,'MAZDA','929','DELUXE',1987,23010,'2.0L','MULTI POINT F/INJ','60L','70Kw',5,'5M','4D SEDAN','RWD','2615mm',50),(15369,'MAZDA','929','LUXURY',1986,29600,'2.0L','MULTI POINT F/INJ','60L','70Kw',5,'4A','2D HARDTOP','RWD','2615mm',50),(15400,'HONDA','ACCORD','40 VTi',2005,29990,'2.4L','MULTI POINT F/INJ','65L','118Kw',5,'5A','4D SEDAN','FWD','2740mm',50);
/*!40000 ALTER TABLE `car` ENABLE KEYS */;
UNLOCK TABLES;

--
-- Table structure for table `car_locations`
--

DROP TABLE IF EXISTS `car_locations`;
/*!40101 SET @saved_cs_client     = @@character_set_client */;
 SET character_set_client = utf8mb4 ;
CREATE TABLE `car_locations` (
  `Location_ID` int(11) NOT NULL AUTO_INCREMENT,
  `Car_ID` int(11) NOT NULL,
  `Location_Last` varchar(45) NOT NULL,
  `Location_Out` tinyint(4) NOT NULL,
  PRIMARY KEY (`Location_ID`)
) ENGINE=InnoDB AUTO_INCREMENT=4 DEFAULT CHARSET=utf8mb4 COLLATE=utf8mb4_0900_ai_ci;
/*!40101 SET character_set_client = @saved_cs_client */;

--
-- Dumping data for table `car_locations`
--

LOCK TABLES `car_locations` WRITE;
/*!40000 ALTER TABLE `car_locations` DISABLE KEYS */;
INSERT INTO `car_locations` VALUES (1,15400,'40',0),(2,15326,'40',1),(3,15241,'40',0);
/*!40000 ALTER TABLE `car_locations` ENABLE KEYS */;
UNLOCK TABLES;

--
-- Table structure for table `carservice`
--

DROP TABLE IF EXISTS `carservice`;
/*!40101 SET @saved_cs_client     = @@character_set_client */;
 SET character_set_client = utf8mb4 ;
CREATE TABLE `carservice` (
  `Service_ID` int(11) NOT NULL,
  `Car_ID` int(11) NOT NULL,
  `Service_Date` date NOT NULL,
  `Service_Location` varchar(45) DEFAULT NULL,
  `Service_Price` int(11) DEFAULT NULL,
  `Service_Issue` varchar(45) DEFAULT NULL,
  PRIMARY KEY (`Service_ID`)
) ENGINE=InnoDB DEFAULT CHARSET=utf8mb4 COLLATE=utf8mb4_0900_ai_ci;
/*!40101 SET character_set_client = @saved_cs_client */;

--
-- Dumping data for table `carservice`
--

LOCK TABLES `carservice` WRITE;
/*!40000 ALTER TABLE `carservice` DISABLE KEYS */;
INSERT INTO `carservice` VALUES (1,14920,'2005-12-06','Space',12,'Stinky oil'),(2,14920,'2005-12-07','Hel',22,'Bent tyres');
/*!40000 ALTER TABLE `carservice` ENABLE KEYS */;
UNLOCK TABLES;

--
-- Table structure for table `customer`
--

DROP TABLE IF EXISTS `customer`;
/*!40101 SET @saved_cs_client     = @@character_set_client */;
 SET character_set_client = utf8mb4 ;
CREATE TABLE `customer` (
  `Customer_ID` int(11) NOT NULL,
  `Customer_Name` varchar(45) DEFAULT NULL,
  `Customer_Phone` varchar(45) DEFAULT NULL,
  `Customer_Addresss` varchar(45) DEFAULT NULL,
  `Customer_Brithday` date DEFAULT NULL,
  `Customer_Occupation` varchar(45) DEFAULT NULL,
  `Customer_Gender` varchar(45) DEFAULT NULL,
  PRIMARY KEY (`Customer_ID`)
) ENGINE=InnoDB DEFAULT CHARSET=utf8mb4 COLLATE=utf8mb4_0900_ai_ci;
/*!40101 SET character_set_client = @saved_cs_client */;

--
-- Dumping data for table `customer`
--

LOCK TABLES `customer` WRITE;
/*!40000 ALTER TABLE `customer` DISABLE KEYS */;
INSERT INTO `customer` VALUES (11010,'Jacquelyn S','1 (11) 543 535-016*','800 Corrinne Court','1968-02-16','Labour','M  '),(11011,'Curtis L','1 (11) 543 535-011*','224 Shoenic','1967-11-14','Labour','M  '),(11012,'Lauren W','717-535-016*','785 Scott Street','1972-01-07','Labour','F  '),(11013,'Ian J','817-535-018*','902 Hudson Ave.','1972-08-16','Labour','M  '),(11014,'Sydney B','431-535-015*','7011 Tank Drive','1972-05-08','Labour','M  '),(11015,'Chloe Y','208-535-014*','44 Willow Pass Road','1983-02-27','Labour','F  '),(11016,'Wyatt H','135-535-017*','666 Northridge Ct.','1983-04-07','Labour','M  '),(11017,'Shannon W','1 (11) 543 535-019*','330 Saddlehill Lane','1948-06-26','Labour','M  '),(11018,'Clarence R','1 (11) 543 535-013*','44 Rivewview','1948-10-19','Labour','F  '),(11019,'Luke L','262-535-011*','832 Landing Dr','1982-03-17','Labour','M  '),(11050,'Alan Z','1 (11) 543 535-013*','741 Gainborough Dr.','1955-09-17','Labour','F  '),(11051,'Daniel J','1 (11) 543 535-015*','85 Sunnyvale Avenue','1955-08-14','Labour','F  '),(11052,'Heidi L','1 (11) 543 535-016*','514 Via Cordona','1955-08-17','Labour','F  '),(11053,'Ana P','859-535-011*','660 Stonyhill Circle','1984-08-20','Labour','M  '),(11054,'Deanna M','1 (11) 543 535-019*','825 B Way','1956-03-20','Labour','M  '),(11055,'Gilbert R','1 (11) 543 535-012*','811 The Trees Dr.','1956-03-15','Labour','F  '),(11056,'Michele N','1 (11) 543 535-017*','464 Janin Pl.','1957-04-13','Labour','M  '),(11057,'Carl A','1 (11) 543 535-018*','930 Lake Nadine Place','1957-10-22','Labour','F  '),(11058,'Marc D','1 (11) 543 535-014*','645 Sinaloa','1958-04-27','Labour','F  '),(11059,'Ashlee A','1 (11) 543 535-011*','255 Highland Road','1958-04-11','Labour','F  '),(11111,'Meredith G','1 (11) 543 535-017*','610 Northridge Ct.','1966-02-23','Labour','M  '),(11112,'Crystal W','1 (11) 543 535-013*','773 Kirkwood Dr','1966-09-19','Labour','F  '),(11113,'Micheal B','1 (11) 543 535-013*','96 Marfargoa Drive','1966-02-21','Labour','M  '),(11114,'Leslie M','1 (11) 543 535-011*','941 Cristobal','1966-05-07','Labour','M  '),(11115,'Alvin C','1 (11) 543 535-019*','759 Azalea Avenue','1966-02-22','Labour','M  '),(11116,'Clinton C','1 (11) 543 535-018*','943 Cunha Ct.','1966-10-17','Labour','M  '),(11117,'April D','1 (11) 543 535-018*','85 Ash Lane','1965-02-21','Labour','F  '),(11119,'Evan J','1 (11) 543 535-018*','157 Sierra Ridge','1939-04-20','Retiree','F  '),(11150,'Russell S','1 (11) 543 535-019*','755 Easley Drive','1945-03-25','Retiree','F  '),(11151,'Melinda G','1 (11) 543 535-011*','05 Rainier Dr.','1946-02-25','Labour','F  '),(11152,'James W','355-535-015*','827 Seagull Court','1980-01-20','Labour','F  '),(11153,'Angela J','847-535-011*','877 Weatherly Drive','1980-06-23','Labour','F  '),(11154,'Megan W','918-535-018*','898 Holiday Hills','1980-08-21','Labour','F  '),(11155,'Hunter R','891-535-012*','356 Mori Court','1980-01-26','Labour','F  '),(11156,'Maria R','158-535-019*','452 Mariposa Ct.','1980-02-17','Labour','M  '),(11157,'Hannah L','974-535-017*','832 Preston Ct.','1979-06-21','Labour','M  '),(11158,'Jason W','694-535-017*','771 Bundros Court','1979-10-18','Labour','F  '),(11159,'Brianna H','319-535-018*','793 Bonifacio St.','1979-09-27','Labour','F  '),(11210,'Edward W','229-535-011*','039 Adelaide St.','1952-06-18','Researcher','M  '),(11213,'Stephanie M','293-535-015*','514 Grant Street','1953-05-24','Researcher','M  '),(11214,'Charles M','389-535-011*','719 Little Dr','1953-11-17','Researcher','F  '),(11215,'Ana P','446-535-013*','114 Arlington Way','1954-06-21','Researcher','M  '),(11216,'Jasmine T','939-535-013*','328 San Francisco','1954-05-20','Researcher','F  '),(11217,'Natalie A','300-535-015*','592 Bent Tree Lane','1954-02-21','Researcher','F  '),(11218,'Olivia B','414-535-014*','964 Stony Hill Circle','1954-09-21','Researcher','M  '),(11219,'Charles C','755-535-011*','871 Bel Air Dr.','1954-12-12','Researcher','F  '),(11250,'Shannon L','1 (11) 543 535-011*','185 Keywood Ct.','1959-03-22','Manager','F  '),(11251,'Xavier L','243-535-011*','245 Dantley Way','1936-07-14','Retiree','M  '),(11252,'Nicholas T','377-535-014*','04 O St.','1936-06-17','Retiree','M  '),(11253,'Jos H','712-535-013*','703 Donald Dr.','1937-02-07','Retiree','M  '),(11254,'Johnathan V','494-535-016*','430 Versailles Pl','1937-03-13','Retiree','M  '),(11255,'Colin L','599-535-013*','083 San Jose','1937-04-14','Retiree','F  '),(11256,'Katelyn H','249-535-011*','496 Deerfield Dr.','1937-09-20','Retiree','M  '),(11257,'Jacqueline P','796-535-011*','076 Northwood Dr','1937-01-16','Retiree','F  '),(11258,'Xavier H','559-535-014*','707 Virgil Street','1937-06-07','Retiree','F  '),(11259,'Victoria S','230-535-013*','623 Barquentine Court','1969-03-27','Manager','M  '),(11310,'Erin S','233-535-016*','541 Black Point Pl','1957-07-19','Manager','M  '),(11311,'Gabrielle L','783-535-017*','619 Parkside Dr.','1957-08-24','Manager','F  '),(11312,'Sara R','296-535-017*','375 Kipling Court','1957-04-13','Manager','M  '),(11313,'Trevor J','120-535-012*','697 Yosemite Dr.','1957-02-27','Manager','F  '),(11314,'Mya F','522-535-014*','439 Rio Grande Drive','1957-12-21','Manager','F  '),(11315,'Hailey W','767-535-015*','321 Maya','1957-10-11','Manager','F  '),(11316,'Luke A','786-535-013*','19 Deermeadow Way','1957-11-27','Manager','F  '),(11317,'Victoria R','663-535-019*','268 Keller Ridge','1956-09-27','Manager','M  '),(11318,'Jessica W','702-535-018*','652 Willcrest Circle','1956-10-26','Manager','M  '),(11319,'Jade B','819-535-016*','119 Northridge Ct','1941-04-27','Retiree','F  '),(11350,'Cara Z','1 (11) 543 535-011*','280 Greendell Pl','1941-01-24','Retiree','M  '),(11351,'Anne R','1 (11) 543 535-014*','113 Eastgate Ave.','1943-04-16','Retiree','M  '),(11352,'Raymond R','1 (11) 543 535-013*','4, impasse Ste-Madeleine','1944-03-17','Retiree','F  '),(11353,'Carrie O','1 (11) 543 535-011*','883 Cowell Rd.','1945-06-21','Retiree','M  '),(11354,'Deanna S','1 (11) 543 535-014*','unckerstr 22525','1946-02-23','Manager','M  '),(11355,'Roberto G','1 (11) 543 535-012*','545 Chickpea Ct.','1946-12-07','Manager','M  '),(11356,'Terrence C','1 (11) 543 535-018*','613 Thornhill Place','1984-05-27','Manager','F  '),(11357,'Ramon Y','1 (11) 543 535-014*','245 Vista Oak Dr.','1983-03-23','Manager','M  '),(11358,'Cynthia M','1 (11) 543 535-018*','757 Pamplona Ct.','1982-11-21','Manager','F  '),(11359,'Jarrod P','1 (11) 543 535-015*','657 H St.','1982-09-14','Manager','M  '),(11410,'Maurice G','1 (11) 543 535-017*','5, avenue de la Gare','1972-08-25','Manager','M  '),(11411,'Devin R','1 (11) 543 535-017*','ostenweg 2428','1958-02-22','Manager','M  '),(11412,'Sydney B','1 (11) 543 535-015*','ostfach 99 92 92','1958-04-19','Manager','M  '),(11413,'Megan S','1 (11) 543 535-011*','192 Seagull Court','1958-04-25','Manager','F  '),(11414,'Ian R','1 (11) 543 535-011*','26 W. Buchanan Rd.','1958-03-07','Manager','M  '),(11415,'Randy S','1 (11) 543 535-014*','o?str 5538','1948-06-15','Manager','M  '),(11416,'Katrina B','1 (11) 543 535-015*','205, rue Malar','1949-03-29','Manager','F  '),(11417,'Lacey Z','1 (11) 543 535-017*',', rue de Linois','1949-02-26','Manager','F  '),(11418,'Rafael H','1 (11) 543 535-015*','eiter Weg 7765','1949-02-19','Manager','M  '),(11419,'Kyle S','1 (11) 543 535-017*','381 Alpine Rd.','1949-02-07','Manager','M  '),(11459,'Tasha D','1 (11) 543 535-017*','627 Kendall Rd','1976-10-23','Nurse','M  '),(11510,'Seth R','199-535-014*','989 Concord Ave','1957-07-23','Nurse','M  '),(11511,'Caleb P','786-535-013*','324 Cherry Street','1957-06-24','Nurse','F  '),(11512,'Natalie C','178-535-014*','481 Broadmoor Drive','1958-08-23','Nurse','M  '),(11513,'Alyssa H','805-535-018*','780 Conifer Terrace','1958-09-27','Nurse','M  '),(11514,'Dalton D','994-535-015*','033 Danesta Dr.','1958-04-20','Nurse','F  '),(11515,'Shannon H','458-535-011*','679 Duke Way','1958-02-25','Nurse','F  '),(11516,'Mya G','211-535-011*','826 Fine Drive','1958-10-21','Nurse','F  '),(11517,'Katherine B','802-535-013*','761 Dancing Court','1958-06-20','Nurse','F  '),(11518,'Edward W','446-535-017*','747 Carmel Dr.','1959-05-20','Nurse','F  '),(11519,'Jerome N','934-535-019*','537 Ridgewood Drive','1959-03-27','Nurse','M  '),(11535,'Alexandria H','1 (11) 543 535-018*','1, rue de la Cavalerie','2018-07-30','Retiree','M  '),(11550,'Deb T','1 (11) 543 535-012*','553 Harness Circle','1972-08-18','Nurse','M  '),(11551,'Shannon A','1 (11) 543 535-015*','68, avenue de l?Europe','1971-05-25','Nurse','F  '),(11552,'Eddie R','1 (11) 543 535-015*','eiderplatz 662','1971-05-27','Nurse','M  '),(11553,'Sharon L','1 (11) 543 535-011*','804 Coldwater Drive','1971-09-19','Nurse','F  '),(11554,'Sydney S','1 (11) 543 535-019*','8, avenue de l? Union Centrale','2007-09-30','Retiree','F  '),(11556,'Lucas E','1 (11) 543 535-015*','663 A St.','1971-05-24','Nurse','M  '),(11557,'Felicia R','1 (11) 543 535-019*','557 Steven Circle','1971-01-25','Nurse','M  '),(11558,'Ivan M','1 (11) 543 535-019*','086 Nottingham Place','1971-08-22','Nurse','M  '),(11559,'Frederick S','1 (11) 543 535-011*','otth?user Weg 636','1971-12-26','Nurse','M  ');
/*!40000 ALTER TABLE `customer` ENABLE KEYS */;
UNLOCK TABLES;

--
-- Table structure for table `django_admin_log`
--

DROP TABLE IF EXISTS `django_admin_log`;
/*!40101 SET @saved_cs_client     = @@character_set_client */;
 SET character_set_client = utf8mb4 ;
CREATE TABLE `django_admin_log` (
  `id` int(11) NOT NULL AUTO_INCREMENT,
  `action_time` datetime(6) NOT NULL,
  `object_id` longtext,
  `object_repr` varchar(200) NOT NULL,
  `action_flag` smallint(5) unsigned NOT NULL,
  `change_message` longtext NOT NULL,
  `content_type_id` int(11) DEFAULT NULL,
  `user_id` int(11) NOT NULL,
  PRIMARY KEY (`id`),
  KEY `django_admin_log_content_type_id_c4bce8eb_fk_django_co` (`content_type_id`),
  KEY `django_admin_log_user_id_c564eba6_fk_auth_user_id` (`user_id`),
  CONSTRAINT `django_admin_log_content_type_id_c4bce8eb_fk_django_co` FOREIGN KEY (`content_type_id`) REFERENCES `django_content_type` (`id`),
  CONSTRAINT `django_admin_log_user_id_c564eba6_fk_auth_user_id` FOREIGN KEY (`user_id`) REFERENCES `auth_user` (`id`)
) ENGINE=InnoDB DEFAULT CHARSET=utf8mb4 COLLATE=utf8mb4_0900_ai_ci;
/*!40101 SET character_set_client = @saved_cs_client */;

--
-- Dumping data for table `django_admin_log`
--

LOCK TABLES `django_admin_log` WRITE;
/*!40000 ALTER TABLE `django_admin_log` DISABLE KEYS */;
/*!40000 ALTER TABLE `django_admin_log` ENABLE KEYS */;
UNLOCK TABLES;

--
-- Table structure for table `django_content_type`
--

DROP TABLE IF EXISTS `django_content_type`;
/*!40101 SET @saved_cs_client     = @@character_set_client */;
 SET character_set_client = utf8mb4 ;
CREATE TABLE `django_content_type` (
  `id` int(11) NOT NULL AUTO_INCREMENT,
  `app_label` varchar(100) NOT NULL,
  `model` varchar(100) NOT NULL,
  PRIMARY KEY (`id`),
  UNIQUE KEY `django_content_type_app_label_model_76bd3d3b_uniq` (`app_label`,`model`)
) ENGINE=InnoDB AUTO_INCREMENT=25 DEFAULT CHARSET=utf8mb4 COLLATE=utf8mb4_0900_ai_ci;
/*!40101 SET character_set_client = @saved_cs_client */;

--
-- Dumping data for table `django_content_type`
--

LOCK TABLES `django_content_type` WRITE;
/*!40000 ALTER TABLE `django_content_type` DISABLE KEYS */;
INSERT INTO `django_content_type` VALUES (1,'admin','logentry'),(3,'auth','group'),(2,'auth','permission'),(4,'auth','user'),(5,'contenttypes','contenttype'),(14,'CRCsystems','authgroup'),(15,'CRCsystems','authgrouppermissions'),(16,'CRCsystems','authpermission'),(17,'CRCsystems','authuser'),(18,'CRCsystems','authusergroups'),(19,'CRCsystems','authuseruserpermissions'),(10,'CRCsystems','car'),(24,'CRCsystems','carlocations'),(12,'CRCsystems','carservice'),(7,'CRCsystems','customer'),(20,'CRCsystems','djangoadminlog'),(21,'CRCsystems','djangocontenttype'),(22,'CRCsystems','djangomigrations'),(23,'CRCsystems','djangosession'),(13,'CRCsystems','lostproperty'),(11,'CRCsystems','orders'),(9,'CRCsystems','staff'),(8,'CRCsystems','store'),(6,'sessions','session');
/*!40000 ALTER TABLE `django_content_type` ENABLE KEYS */;
UNLOCK TABLES;

--
-- Table structure for table `django_migrations`
--

DROP TABLE IF EXISTS `django_migrations`;
/*!40101 SET @saved_cs_client     = @@character_set_client */;
 SET character_set_client = utf8mb4 ;
CREATE TABLE `django_migrations` (
  `id` int(11) NOT NULL AUTO_INCREMENT,
  `app` varchar(255) NOT NULL,
  `name` varchar(255) NOT NULL,
  `applied` datetime(6) NOT NULL,
  PRIMARY KEY (`id`)
) ENGINE=InnoDB AUTO_INCREMENT=16 DEFAULT CHARSET=utf8mb4 COLLATE=utf8mb4_0900_ai_ci;
/*!40101 SET character_set_client = @saved_cs_client */;

--
-- Dumping data for table `django_migrations`
--

LOCK TABLES `django_migrations` WRITE;
/*!40000 ALTER TABLE `django_migrations` DISABLE KEYS */;
INSERT INTO `django_migrations` VALUES (1,'contenttypes','0001_initial','2018-10-16 07:51:11.277635'),(2,'auth','0001_initial','2018-10-16 07:51:13.742295'),(3,'admin','0001_initial','2018-10-16 07:51:14.440315'),(4,'admin','0002_logentry_remove_auto_add','2018-10-16 07:51:14.464016'),(5,'admin','0003_logentry_add_action_flag_choices','2018-10-16 07:51:14.495261'),(6,'contenttypes','0002_remove_content_type_name','2018-10-16 07:51:14.917055'),(7,'auth','0002_alter_permission_name_max_length','2018-10-16 07:51:15.171497'),(8,'auth','0003_alter_user_email_max_length','2018-10-16 07:51:15.216378'),(9,'auth','0004_alter_user_username_opts','2018-10-16 07:51:15.237321'),(10,'auth','0005_alter_user_last_login_null','2018-10-16 07:51:15.456629'),(11,'auth','0006_require_contenttypes_0002','2018-10-16 07:51:15.456629'),(12,'auth','0007_alter_validators_add_error_messages','2018-10-16 07:51:15.487892'),(13,'auth','0008_alter_user_username_max_length','2018-10-16 07:51:15.737827'),(14,'auth','0009_alter_user_last_name_max_length','2018-10-16 07:51:15.972132'),(15,'sessions','0001_initial','2018-10-16 07:51:16.151382');
/*!40000 ALTER TABLE `django_migrations` ENABLE KEYS */;
UNLOCK TABLES;

--
-- Table structure for table `django_session`
--

DROP TABLE IF EXISTS `django_session`;
/*!40101 SET @saved_cs_client     = @@character_set_client */;
 SET character_set_client = utf8mb4 ;
CREATE TABLE `django_session` (
  `session_key` varchar(40) NOT NULL,
  `session_data` longtext NOT NULL,
  `expire_date` datetime(6) NOT NULL,
  PRIMARY KEY (`session_key`),
  KEY `django_session_expire_date_a5c62663` (`expire_date`)
) ENGINE=InnoDB DEFAULT CHARSET=utf8mb4 COLLATE=utf8mb4_0900_ai_ci;
/*!40101 SET character_set_client = @saved_cs_client */;

--
-- Dumping data for table `django_session`
--

LOCK TABLES `django_session` WRITE;
/*!40000 ALTER TABLE `django_session` DISABLE KEYS */;
/*!40000 ALTER TABLE `django_session` ENABLE KEYS */;
UNLOCK TABLES;

--
-- Table structure for table `lostproperty`
--

DROP TABLE IF EXISTS `lostproperty`;
/*!40101 SET @saved_cs_client     = @@character_set_client */;
 SET character_set_client = utf8mb4 ;
CREATE TABLE `lostproperty` (
  `LostP_ID` int(11) NOT NULL,
  `LostP_Order_ID` int(11) DEFAULT NULL,
  `LostP_Description` varchar(45) DEFAULT NULL,
  PRIMARY KEY (`LostP_ID`)
) ENGINE=InnoDB DEFAULT CHARSET=utf8mb4 COLLATE=utf8mb4_0900_ai_ci;
/*!40101 SET character_set_client = @saved_cs_client */;

--
-- Dumping data for table `lostproperty`
--

LOCK TABLES `lostproperty` WRITE;
/*!40000 ALTER TABLE `lostproperty` DISABLE KEYS */;
/*!40000 ALTER TABLE `lostproperty` ENABLE KEYS */;
UNLOCK TABLES;

--
-- Table structure for table `orders`
--

DROP TABLE IF EXISTS `orders`;
/*!40101 SET @saved_cs_client     = @@character_set_client */;
 SET character_set_client = utf8mb4 ;
CREATE TABLE `orders` (
  `Order_ID` int(11) NOT NULL,
  `Order_CreateDate` date DEFAULT NULL,
  `Order_PickupDate` date DEFAULT NULL,
  `Order_PickupStore` int(11) DEFAULT NULL,
  `Order_ReturnDate` date DEFAULT NULL,
  `Order_ReturnStore` int(11) DEFAULT NULL,
  `Customer_ID` int(11) DEFAULT NULL,
  `Car_ID` int(11) DEFAULT NULL,
  PRIMARY KEY (`Order_ID`)
) ENGINE=InnoDB DEFAULT CHARSET=utf8mb4 COLLATE=utf8mb4_0900_ai_ci;
/*!40101 SET character_set_client = @saved_cs_client */;

--
-- Dumping data for table `orders`
--

LOCK TABLES `orders` WRITE;
/*!40000 ALTER TABLE `orders` DISABLE KEYS */;
INSERT INTO `orders` VALUES (3,'2005-07-03','2005-07-03',3,'2005-07-11',16,11014,14806),(4,'2005-07-04','2005-07-04',12,'2005-07-09',8,11012,14816),(5,'2005-07-05','2005-07-05',5,'2005-07-10',5,11011,14810),(6,'2005-07-06','2005-07-09',6,'2005-07-15',25,11011,14812),(7,'2005-07-07','2005-07-07',7,'2005-07-15',14,11014,14814),(8,'2005-07-08','2005-07-09',8,'2005-07-16',29,11016,14816),(9,'2005-07-09','2005-07-09',9,'2005-07-18',18,11014,14818),(11,'2005-07-11','2005-07-11',11,'2005-07-16',13,11059,14811),(12,'2005-07-12','2005-07-15',25,'2005-08-13',25,11017,14812),(13,'2005-07-13','2005-07-14',50,'2005-07-21',13,11054,14813),(14,'2005-07-14','2005-07-15',14,'2005-07-19',14,11055,14814),(15,'2005-07-15','2005-07-15',15,'2005-07-24',15,11056,14815),(16,'2005-07-16','2005-07-16',29,'2005-08-17',29,11052,14816),(17,'2005-07-17','2005-07-17',17,'2005-07-22',50,11011,14817),(18,'2005-07-18','2005-07-18',18,'2005-07-23',18,11055,14818),(19,'2005-07-19','2005-07-20',14,'2005-08-10',14,11017,14819),(20,'2005-07-20','2005-07-23',15,'2005-08-04',35,11052,14835),(21,'2005-07-21','2005-07-21',50,'2005-08-10',1,11053,14842),(22,'2005-07-22','2005-07-22',17,'2005-08-08',39,11018,14839),(23,'2005-07-23','2005-07-23',15,'2005-08-07',25,11015,14838),(24,'2005-07-24','2005-07-27',19,'2005-08-12',19,11018,14843),(25,'2005-07-25','2005-07-25',25,'2005-08-14',5,11016,14850),(26,'2005-07-26','2005-07-29',21,'2005-08-14',21,11018,14847),(27,'2005-07-27','2005-07-27',19,'2005-08-12',3,11051,14846),(28,'2005-07-28','2005-07-28',50,'2005-08-21',22,11054,14851),(29,'2005-07-29','2005-07-29',29,'2005-08-18',9,11016,14858),(30,'2005-07-30','2005-07-30',30,'2005-08-20',10,11016,14860),(31,'2005-07-31','2005-07-31',21,'2005-08-24',24,11012,14831),(32,'2005-08-01','2005-08-04',21,'2005-08-06',21,11015,14832),(33,'2005-08-02','2005-08-02',33,'2005-08-07',15,11019,14833),(34,'2005-08-03','2005-08-03',21,'2005-08-24',21,11057,14834),(35,'2005-08-04','2005-08-04',35,'2005-08-13',35,11056,14835),(36,'2005-08-05','2005-08-05',23,'2005-08-26',23,11057,14836),(37,'2005-08-06','2005-08-06',37,'2005-08-15',37,11013,14837),(38,'2005-08-07','2005-08-07',25,'2005-08-28',25,11012,14838),(39,'2005-08-08','2005-08-08',39,'2005-08-16',9,11014,14839),(40,'2005-08-09','2005-08-10',40,'2005-09-21',15,11013,14880),(41,'2005-08-10','2005-08-10',1,'2005-08-19',1,11016,14842),(42,'2005-08-11','2005-08-14',13,'2005-08-16',13,11015,14855),(43,'2005-08-12','2005-08-12',3,'2005-08-17',10,11059,14846),(44,'2005-08-13','2005-08-16',15,'2005-08-28',19,11051,14859),(45,'2005-08-14','2005-08-14',5,'2005-08-23',5,11053,14850),(46,'2005-08-15','2005-08-15',17,'2005-09-01',23,11051,14863),(47,'2005-08-16','2005-08-16',7,'2005-08-24',14,11053,14854),(48,'2005-08-17','2005-08-18',22,'2005-09-08',30,11017,14870),(49,'2005-08-18','2005-08-18',9,'2005-08-27',18,11053,14858),(50,'2005-08-19','2005-08-20',10,'2005-08-29',11,11050,14860),(51,'2005-08-20','2005-08-21',22,'2005-08-25',22,11015,14851),(52,'2005-08-21','2005-08-21',23,'2005-09-07',16,11015,14852),(53,'2005-08-22','2005-08-22',9,'2005-09-10',9,11018,14853),(54,'2005-08-23','2005-08-24',14,'2005-09-12',14,11053,14854),(55,'2005-08-24','2005-08-24',24,'2005-09-15',24,11012,14831),(56,'2005-08-25','2005-08-26',16,'2005-09-10',14,11019,14856),(57,'2005-08-26','2005-08-26',13,'2005-09-14',13,11018,14857),(58,'2005-08-27','2005-08-27',18,'2005-09-12',18,11011,14858),(59,'2005-08-28','2005-08-28',19,'2005-09-13',9,11019,14859),(60,'2005-08-29','2005-08-29',11,'2005-09-10',11,11012,14860),(61,'2005-08-30','2005-08-30',17,'2005-09-18',21,11054,14861),(62,'2005-08-31','2005-08-31',50,'2005-09-16',22,11011,14862),(63,'2005-09-01','2005-09-01',23,'2005-09-10',23,11053,14863),(64,'2005-09-02','2005-09-02',17,'2005-09-23',17,11052,14864),(65,'2005-09-03','2005-09-03',18,'2005-09-11',25,11054,14865),(66,'2005-09-04','2005-09-05',26,'2005-09-13',26,11056,14866),(67,'2005-09-05','2005-09-05',27,'2005-09-10',27,11011,14867),(68,'2005-09-06','2005-09-07',16,'2005-09-07',17,11057,14852),(69,'2005-09-07','2005-09-07',17,'2005-09-28',17,11057,14852),(70,'2005-09-08','2005-09-08',30,'2005-09-13',30,11055,14870),(71,'2005-09-09','2005-09-09',31,'2005-09-14',31,11011,14871),(72,'2005-09-10','2005-09-11',32,'2005-10-01',21,11010,14872),(73,'2005-09-11','2005-09-11',23,'2005-09-16',23,11015,14873),(74,'2005-09-12','2005-09-15',24,'2005-09-17',24,11015,14874),(75,'2005-09-13','2005-09-14',28,'2005-10-14',28,11017,14875),(76,'2005-09-14','2005-09-15',26,'2005-09-19',26,11015,14876),(77,'2005-09-15','2005-09-15',37,'2005-09-24',37,11013,14877),(78,'2005-09-16','2005-09-17',38,'2005-09-24',13,11014,14878),(79,'2005-09-17','2005-09-17',39,'2005-09-25',14,11014,14879),(80,'2005-09-18','2005-09-21',15,'2005-10-19',15,11017,14880),(81,'2005-09-19','2005-09-19',13,'2005-09-24',13,11051,14881),(82,'2005-09-20','2005-09-20',12,'2005-10-11',12,11057,14882),(83,'2005-09-21','2005-09-21',3,'2005-09-26',3,11055,14883),(84,'2005-09-22','2005-09-23',4,'2005-10-10',4,11010,14884),(85,'2005-09-23','2005-09-24',20,'2005-10-14',20,11052,14885),(86,'2005-09-24','2005-09-27',21,'2005-10-12',6,11054,14886),(87,'2005-09-25','2005-09-25',7,'2005-10-13',7,11058,14887),(88,'2005-09-26','2005-09-26',23,'2005-10-17',23,11052,14888),(89,'2005-09-27','2005-09-27',21,'2005-10-12',21,11051,14889),(90,'2005-09-28','2005-09-29',20,'2005-10-19',20,11057,14890),(91,'2005-09-29','2005-09-29',11,'2005-10-17',10,11014,14891),(92,'2005-09-30','2005-09-30',24,'2005-10-15',24,11015,14892),(93,'2005-10-01','2005-10-01',21,'2005-10-07',26,11012,14872),(94,'2005-10-02','2005-10-02',24,'2005-10-07',24,11051,14894),(95,'2005-10-03','2005-10-03',25,'2005-10-08',25,11015,14895),(96,'2005-10-04','2005-10-05',26,'2005-10-09',26,11051,14896),(97,'2005-10-05','2005-10-05',17,'2005-10-13',14,11014,14897),(98,'2005-10-06','2005-10-07',26,'2005-10-27',26,11012,14872),(99,'2005-10-07','2005-10-08',14,'2005-10-28',14,11017,14899),(100,'2005-10-08','2005-10-09',20,'2005-10-17',20,11016,14900),(101,'2005-10-09','2005-10-09',21,'2005-10-18',21,11113,14901),(102,'2005-10-10','2005-10-10',17,'2005-10-18',22,11114,14902),(103,'2005-10-11','2005-10-11',18,'2005-10-22',10,11114,14903),(104,'2005-10-12','2005-10-15',24,'2005-10-21',24,11116,14904),(105,'2005-10-13','2005-10-13',25,'2005-10-18',25,11115,14905),(106,'2005-10-14','2005-10-14',21,'2005-10-25',10,11112,14906),(107,'2005-10-15','2005-10-15',27,'2005-10-24',27,11113,14907),(108,'2005-10-16','2005-10-17',20,'2005-10-21',20,11111,14908),(109,'2005-10-17','2005-10-17',29,'2005-10-22',15,11119,14909),(110,'2005-10-18','2005-10-21',25,'2005-11-19',25,11112,14910),(111,'2005-10-19','2005-10-19',21,'2005-11-10',21,11117,14911),(112,'2005-10-20','2005-10-21',32,'2005-10-25',10,11119,14912),(113,'2005-10-21','2005-10-22',10,'2005-10-26',14,11114,14903),(114,'2005-10-22','2005-10-23',26,'2005-10-27',26,11111,14914),(115,'2005-10-23','2005-10-23',35,'2005-10-28',35,11115,14915),(116,'2005-10-24','2005-10-25',10,'2005-11-08',25,11111,14906),(117,'2005-10-25','2005-10-26',14,'2005-10-26',15,11114,14903),(118,'2005-10-26','2005-10-26',15,'2005-10-28',16,11112,14903),(119,'2005-10-27','2005-10-28',16,'2005-11-15',39,11114,14903),(120,'2005-10-28','2005-10-28',12,'2005-11-10',13,11117,14920),(121,'2005-10-29','2005-10-29',18,'2005-11-17',1,11114,14921),(122,'2005-10-30','2005-10-30',2,'2005-11-18',2,11158,14922),(123,'2005-10-31','2005-10-31',3,'2005-11-12',9,11116,14923),(124,'2005-11-01','2005-11-01',15,'2005-11-12',10,11111,14924),(125,'2005-11-02','2005-11-02',5,'2005-11-11',5,11116,14925),(126,'2005-11-03','2005-11-04',20,'2005-11-24',20,11112,14926),(127,'2005-11-04','2005-11-04',7,'2005-11-28',24,11115,14927),(128,'2005-11-05','2005-11-06',8,'2005-11-13',8,11158,14928),(129,'2005-11-06','2005-11-07',20,'2005-12-01',25,11159,14929),(130,'2005-11-07','2005-11-07',24,'2005-11-15',10,11114,14930),(131,'2005-11-08','2005-11-08',25,'2005-11-14',31,11157,14906),(132,'2005-11-09','2005-11-12',9,'2005-11-15',15,11156,14923),(133,'2005-11-10','2005-11-10',13,'2005-11-14',16,11158,14920),(134,'2005-11-11','2005-11-12',10,'2005-11-12',11,11114,14924),(135,'2005-11-12','2005-11-12',11,'2005-12-10',28,11150,14924),(136,'2005-11-13','2005-11-14',16,'2005-11-16',19,11119,14920),(137,'2005-11-14','2005-11-14',31,'2005-12-15',31,11157,14906),(138,'2005-11-15','2005-11-15',15,'2005-11-24',15,11156,14923),(139,'2005-11-16','2005-11-16',19,'2005-12-06',36,11151,14920),(140,'2005-11-17','2005-11-18',20,'2005-11-22',20,11155,14940),(141,'2005-11-18','2005-11-18',21,'2005-12-10',12,11154,14941),(142,'2005-11-19','2005-11-19',18,'2005-12-10',18,11152,14942),(143,'2005-11-20','2005-11-20',23,'2005-12-02',12,11154,14943),(144,'2005-11-21','2005-11-24',21,'2005-12-06',14,11153,14944),(145,'2005-11-22','2005-11-22',25,'2005-12-11',25,11116,14945),(146,'2005-11-23','2005-11-24',26,'2005-11-28',26,11155,14946),(147,'2005-11-24','2005-11-24',18,'2005-12-05',10,11117,14947),(148,'2005-11-25','2005-11-26',28,'2005-12-10',11,11119,14948),(149,'2005-11-26','2005-11-27',26,'2005-12-15',26,11153,14949),(150,'2005-11-27','2005-11-27',30,'2005-12-15',30,11154,14950),(151,'2005-11-28','2005-11-28',24,'2005-12-13',24,11111,14927),(152,'2005-11-29','2005-11-29',28,'2005-12-10',28,11157,14924),(153,'2005-11-30','2005-11-30',12,'2005-12-19',12,11153,14941),(154,'2005-12-01','2005-12-01',25,'2005-12-06',25,11111,14929),(155,'2005-12-02','2005-12-02',12,'2005-12-07',16,11156,14943),(156,'2005-12-03','2005-12-06',36,'2005-12-08',36,11155,14920),(157,'2005-12-04','2005-12-05',10,'2005-12-09',12,11159,14947),(158,'2005-12-05','2005-12-06',14,'2005-12-08',17,11157,14944),(159,'2005-12-06','2005-12-07',16,'2005-12-07',17,11156,14943),(160,'2005-12-07','2005-12-07',17,'2005-12-11',20,11153,14943),(161,'2005-12-08','2005-12-08',17,'2005-12-12',20,11152,14944),(162,'2005-12-09','2005-12-10',2,'2006-01-03',26,11154,14967),(163,'2005-12-10','2005-12-11',20,'2005-12-15',25,11156,14943),(164,'2005-12-11','2005-12-12',20,'2005-12-18',27,11150,14944),(165,'2005-12-12','2005-12-12',5,'2005-12-22',15,11158,14960),(166,'2005-12-13','2005-12-13',6,'2005-12-19',9,11154,14961),(167,'2005-12-14','2005-12-14',7,'2005-12-24',14,11154,14962),(168,'2005-12-15','2005-12-15',25,'2005-12-24',25,11156,14943),(169,'2005-12-16','2005-12-16',9,'2005-12-24',9,11158,14964),(170,'2005-12-17','2005-12-20',9,'2005-12-19',11,11156,14961),(171,'2005-12-18','2005-12-18',27,'2005-12-20',29,11157,14944),(172,'2005-12-19','2005-12-19',11,'2006-01-11',22,11156,14961),(173,'2005-12-20','2005-12-20',29,'2006-01-11',29,11152,14944),(174,'2005-12-21','2005-12-22',14,'2006-01-01',25,11158,14969),(175,'2005-12-22','2005-12-22',15,'2006-01-10',15,11158,14960),(176,'2005-12-23','2005-12-24',14,'2005-12-24',15,11157,14962),(177,'2005-12-24','2005-12-24',15,'2005-12-26',16,11152,14962),(178,'2005-12-25','2005-12-26',16,'2005-12-26',17,11152,14962),(179,'2005-12-26','2005-12-26',17,'2005-12-28',20,11152,14962),(180,'2005-12-27','2005-12-28',20,'2006-01-10',20,11155,14962),(181,'2005-12-28','2005-12-28',21,'2006-01-03',21,11154,14966),(182,'2005-12-29','2005-12-29',20,'2006-01-15',38,11157,14962),(183,'2005-12-30','2005-12-30',22,'2006-01-06',30,11156,14961),(184,'2005-12-31','2005-12-31',19,'2006-01-16',15,11159,14965),(185,'2006-01-01','2006-01-01',25,'2006-01-05',28,11158,14969),(186,'2006-01-02','2006-01-03',26,'2006-01-06',22,11151,14967),(187,'2006-01-03','2006-01-03',21,'2006-01-12',21,11153,14966),(188,'2006-01-04','2006-01-05',28,'2006-01-09',28,11151,14969),(189,'2006-01-05','2006-01-06',22,'2006-01-07',24,11157,14967),(190,'2006-01-06','2006-01-06',30,'2006-01-11',30,11151,14961),(191,'2006-01-07','2006-01-07',24,'2006-01-10',26,11152,14967),(192,'2006-01-08','2006-01-09',32,'2006-01-13',32,11151,14963),(193,'2006-01-09','2006-01-10',26,'2006-01-12',28,11157,14967),(194,'2006-01-10','2006-01-13',9,'2006-01-12',11,11150,14985),(195,'2006-01-11','2006-01-12',28,'2006-02-12',28,11152,14967),(196,'2006-01-12','2006-01-12',11,'2006-01-13',12,11150,14985),(197,'2006-01-13','2006-01-13',12,'2006-01-21',12,11150,14985),(198,'2006-01-14','2006-01-15',38,'2006-01-22',38,11158,14962),(199,'2006-01-15','2006-01-15',15,'2006-01-24',15,11156,14984),(200,'2006-01-16','2006-01-17',40,'2006-01-21',4,11154,15004),(201,'2006-01-17','2006-01-17',1,'2006-02-03',18,11250,15001),(202,'2006-01-18','2006-01-19',2,'2006-01-23',11,11259,15002),(203,'2006-01-19','2006-01-19',18,'2006-02-11',12,11258,15003),(204,'2006-01-20','2006-01-21',4,'2006-01-29',13,11256,15004),(205,'2006-01-21','2006-01-21',5,'2006-01-27',11,11251,15005),(206,'2006-01-22','2006-01-25',6,'2006-02-11',9,11259,15006),(207,'2006-01-23','2006-01-23',7,'2006-02-12',7,11253,15007),(208,'2006-01-24','2006-01-24',23,'2006-02-24',38,11258,15008),(209,'2006-01-25','2006-01-25',9,'2006-02-02',16,11253,15009),(210,'2006-01-26','2006-01-27',10,'2006-02-11',10,11251,15010),(211,'2006-01-27','2006-01-27',11,'2006-02-11',14,11254,15005),(212,'2006-01-28','2006-01-28',12,'2006-02-24',39,11251,15003),(213,'2006-01-29','2006-01-29',13,'2006-02-14',14,11259,15004),(214,'2006-01-30','2006-01-30',14,'2006-02-18',32,11251,15005),(215,'2006-01-31','2006-01-31',9,'2006-02-20',28,11255,15006),(216,'2006-02-01','2006-02-02',16,'2006-02-18',24,11254,15009),(217,'2006-02-02','2006-02-02',17,'2006-02-10',17,11250,15000),(218,'2006-02-03','2006-02-03',18,'2006-02-16',31,11250,15001),(219,'2006-02-04','2006-02-04',31,'2006-02-25',31,11257,14988),(220,'2006-02-05','2006-02-06',20,'2006-02-10',20,11251,15020),(221,'2006-02-06','2006-02-06',15,'2006-02-27',15,11257,15021),(222,'2006-02-07','2006-02-08',22,'2006-02-12',22,11251,15022),(223,'2006-02-08','2006-02-08',23,'2006-02-17',23,11253,15023),(224,'2006-02-09','2006-02-12',24,'2006-03-10',29,11256,15024),(225,'2006-02-10','2006-02-10',19,'2006-02-18',19,11258,15025),(226,'2006-02-11','2006-02-11',15,'2006-03-12',15,11252,15026),(227,'2006-02-12','2006-02-12',27,'2006-02-21',27,11256,15027),(228,'2006-02-13','2006-02-14',28,'2006-02-22',28,11256,15028),(229,'2006-02-14','2006-02-14',29,'2006-02-19',11,11259,15029),(230,'2006-02-15','2006-02-18',19,'2006-03-16',19,11252,15030),(231,'2006-02-16','2006-02-16',31,'2006-02-21',31,11251,15001),(232,'2006-02-17','2006-02-18',32,'2006-02-25',10,11254,15005),(233,'2006-02-18','2006-02-18',24,'2006-02-20',35,11255,15009),(234,'2006-02-19','2006-02-20',28,'2006-02-22',31,11217,15006),(235,'2006-02-20','2006-02-20',35,'2006-02-28',35,11256,15009),(236,'2006-02-21','2006-02-24',25,'2006-03-12',25,11252,15011),(237,'2006-02-22','2006-02-22',31,'2006-03-13',31,11217,15006),(238,'2006-02-23','2006-02-24',38,'2006-02-28',38,11251,15008),(239,'2006-02-24','2006-02-24',39,'2006-03-13',39,11256,15003),(240,'2006-02-25','2006-02-28',13,'2006-03-15',18,11219,15040),(241,'2006-02-26','2006-02-27',14,'2006-03-12',15,11219,15041),(243,'2006-02-28','2006-02-28',20,'2006-03-08',11,11213,15043),(244,'2006-03-01','2006-03-02',4,'2006-04-05',39,11218,15044),(245,'2006-03-02','2006-03-02',5,'2006-03-20',18,11215,15045),(246,'2006-03-03','2006-03-04',22,'2006-03-28',30,11217,15046),(247,'2006-03-04','2006-03-04',7,'2006-03-12',12,11218,15047),(248,'2006-03-05','2006-03-05',25,'2006-03-20',22,11216,15048),(249,'2006-03-06','2006-03-06',9,'2006-03-24',27,11214,15049),(250,'2006-03-07','2006-03-07',23,'2006-03-12',11,11219,15050),(251,'2006-03-08','2006-03-08',11,'2006-03-14',17,11259,15043),(252,'2006-03-09','2006-03-12',12,'2006-03-13',9,11254,15047),(253,'2006-03-10','2006-03-10',29,'2006-04-11',29,11257,15024),(254,'2006-03-11','2006-03-14',12,'2006-03-18',20,11210,15042),(255,'2006-03-12','2006-03-12',15,'2006-03-16',19,11256,15041),(256,'2006-03-13','2006-03-13',9,'2006-03-19',14,11252,15047),(257,'2006-03-14','2006-03-14',17,'2006-03-23',17,11256,15043),(258,'2006-03-15','2006-03-15',18,'2006-03-24',24,11251,15040),(259,'2006-03-16','2006-03-16',19,'2006-03-24',26,11259,15041),(260,'2006-03-17','2006-03-18',20,'2006-04-10',31,11259,15042),(261,'2006-03-18','2006-03-19',14,'2006-04-10',32,11252,15047),(262,'2006-03-19','2006-03-20',22,'2006-04-03',37,11253,15048),(263,'2006-03-20','2006-03-20',18,'2006-03-23',20,11255,15045),(264,'2006-03-21','2006-03-24',24,'2006-03-26',28,11256,15040),(265,'2006-03-22','2006-03-23',20,'2006-03-26',24,11255,15045),(266,'2006-03-23','2006-03-24',26,'2006-04-11',26,11250,15041),(267,'2006-03-24','2006-03-24',27,'2006-03-29',27,11251,15049),(268,'2006-03-25','2006-03-26',28,'2006-04-01',35,11259,15040),(269,'2006-03-26','2006-03-26',24,'2006-04-11',24,11255,15045),(270,'2006-03-27','2006-03-27',30,'2006-03-28',31,11253,15046),(271,'2006-03-28','2006-03-28',31,'2006-04-12',34,11254,15046),(272,'2006-03-29','2006-03-29',32,'2006-04-05',36,11254,15047),(273,'2006-03-30','2006-03-30',31,'2006-04-11',31,11257,15042),(274,'2006-03-31','2006-03-31',34,'2006-04-16',34,11251,15046),(275,'2006-04-01','2006-04-01',35,'2006-04-10',35,11256,15040),(276,'2006-04-02','2006-04-05',36,'2006-04-07',15,11259,15047),(277,'2006-04-03','2006-04-03',37,'2006-04-08',8,11259,15048),(278,'2006-04-04','2006-04-04',12,'2006-04-15',22,11255,15066),(279,'2006-04-05','2006-04-05',39,'2006-04-14',39,11256,15044),(280,'2006-04-06','2006-04-06',17,'2006-04-13',24,11257,15063),(281,'2006-04-07','2006-04-07',1,'2006-05-13',37,11251,15082),(282,'2006-04-08','2006-04-09',2,'2006-04-17',2,11256,15087),(283,'2006-04-09','2006-04-09',15,'2006-04-11',17,11252,15068),(284,'2006-04-10','2006-04-11',4,'2006-04-19',13,11254,15088),(285,'2006-04-11','2006-04-11',17,'2006-05-12',17,11252,15068),(286,'2006-04-12','2006-04-12',6,'2006-04-19',9,11256,15081),(287,'2006-04-13','2006-04-13',24,'2006-04-16',26,11258,15063),(288,'2006-04-14','2006-04-15',22,'2006-04-19',22,11255,15066),(289,'2006-04-15','2006-04-16',26,'2006-04-23',31,11258,15063),(290,'2006-04-16','2006-04-19',9,'2006-04-24',17,11258,15081),(291,'2006-04-17','2006-04-17',11,'2006-05-07',31,11250,15085),(292,'2006-04-18','2006-04-18',12,'2006-05-15',39,11251,15083),(293,'2006-04-19','2006-04-19',13,'2006-04-23',17,11256,15088),(294,'2006-04-20','2006-04-23',31,'2006-05-11',31,11257,15063),(295,'2006-04-21','2006-04-21',11,'2006-04-26',11,11255,15084),(296,'2006-04-22','2006-04-23',16,'2006-04-25',19,11254,15080),(297,'2006-04-23','2006-04-23',17,'2006-04-28',12,11259,15088),(298,'2006-04-24','2006-04-24',17,'2006-05-15',17,11257,15081),(299,'2006-04-25','2006-04-25',19,'2006-05-10',14,11259,15080),(300,'2006-04-26','2006-04-27',20,'2006-05-15',20,11253,15100),(301,'2006-04-27','2006-04-27',21,'2006-05-08',11,11355,15101),(302,'2006-04-28','2006-04-29',22,'2006-05-13',10,11359,15102),(303,'2006-04-29','2006-04-29',19,'2006-05-14',19,11351,15103),(304,'2006-04-30','2006-04-30',24,'2006-05-12',12,11350,15104),(305,'2006-05-01','2006-05-01',25,'2006-05-10',25,11353,15105),(306,'2006-05-02','2006-05-02',23,'2006-05-14',12,11354,15106),(307,'2006-05-03','2006-05-03',27,'2006-05-08',27,11355,15107),(308,'2006-05-04','2006-05-04',25,'2006-05-25',25,11352,15108),(309,'2006-05-05','2006-05-05',29,'2006-05-14',29,11353,15109),(310,'2006-05-06','2006-05-06',24,'2006-05-11',24,11351,15110),(311,'2006-05-07','2006-05-07',31,'2006-05-11',34,11350,15085),(312,'2006-05-08','2006-05-08',11,'2006-05-09',12,11354,15101),(313,'2006-05-09','2006-05-09',12,'2006-05-17',33,11354,15101),(314,'2006-05-10','2006-05-11',34,'2006-05-15',12,11359,15085),(315,'2006-05-11','2006-05-11',35,'2006-05-19',35,11350,15089),(316,'2006-05-12','2006-05-12',12,'2006-05-17',12,11351,15104),(317,'2006-05-13','2006-05-13',37,'2006-05-22',37,11353,15082),(318,'2006-05-14','2006-05-14',12,'2006-05-27',25,11357,15106),(319,'2006-05-15','2006-05-15',39,'2006-05-23',39,11350,15083),(320,'2006-05-16','2006-05-17',40,'2006-05-21',4,11350,15124),(321,'2006-05-17','2006-05-17',1,'2006-05-25',1,11350,15121),(322,'2006-05-18','2006-05-18',21,'2006-06-24',38,11354,15122),(323,'2006-05-19','2006-05-19',3,'2006-06-18',33,11356,15123),(324,'2006-05-20','2006-05-21',4,'2006-06-20',34,11353,15124),(325,'2006-05-21','2006-05-21',5,'2006-05-29',5,11358,15125),(326,'2006-05-22','2006-05-25',25,'2006-06-13',25,11352,15126),(327,'2006-05-23','2006-05-23',21,'2006-06-03',10,11357,15127),(328,'2006-05-24','2006-05-25',8,'2006-06-11',14,11358,15128),(329,'2006-05-25','2006-05-25',23,'2006-06-02',16,11357,15129),(330,'2006-05-26','2006-05-26',29,'2006-06-17',29,11352,15130),(331,'2006-05-27','2006-05-27',25,'2006-05-29',26,11312,15106),(332,'2006-05-28','2006-05-29',26,'2006-06-19',26,11312,15106),(333,'2006-05-29','2006-05-29',14,'2006-06-12',16,11318,15119),(334,'2006-05-30','2006-05-30',14,'2006-06-18',14,11350,15128),(335,'2006-05-31','2006-05-31',16,'2006-06-12',16,11317,15119),(336,'2006-06-01','2006-06-02',16,'2006-06-04',19,11314,15129),(337,'2006-06-02','2006-06-03',10,'2006-06-03',11,11312,15127),(338,'2006-06-03','2006-06-03',11,'2006-06-22',37,11312,15127),(339,'2006-06-04','2006-06-04',19,'2006-06-20',35,11319,15129),(340,'2006-06-05','2006-06-05',15,'2006-06-16',11,11351,15140),(342,'2006-06-07','2006-06-08',22,'2006-07-06',28,11314,15142),(343,'2006-06-08','2006-06-08',23,'2006-06-13',23,11311,15143),(344,'2006-06-09','2006-06-12',24,'2006-06-18',24,11316,15144),(345,'2006-06-10','2006-06-10',25,'2006-06-28',18,11313,15145),(346,'2006-06-11','2006-06-12',26,'2006-06-16',26,11311,15146),(347,'2006-06-12','2006-06-13',20,'2006-07-13',20,11312,15147),(348,'2006-06-13','2006-06-14',26,'2006-07-14',26,11317,15148),(349,'2006-06-14','2006-06-14',27,'2006-07-15',27,11317,15149),(350,'2006-06-15','2006-06-18',30,'2006-06-23',16,11314,15150),(351,'2006-06-16','2006-06-16',11,'2006-06-17',12,11318,15140),(352,'2006-06-17','2006-06-17',12,'2006-06-24',19,11318,15140),(353,'2006-06-18','2006-06-18',33,'2006-06-26',40,11311,15123),(354,'2006-06-19','2006-06-20',34,'2006-06-24',34,11311,15124),(355,'2006-06-20','2006-06-20',35,'2006-06-24',36,11316,15129),(356,'2006-06-21','2006-06-24',36,'2006-06-29',14,11314,15129),(357,'2006-06-22','2006-06-22',37,'2006-06-27',11,11319,15127),(358,'2006-06-23','2006-06-24',38,'2006-07-12',38,11313,15122),(359,'2006-06-24','2006-06-24',19,'2006-07-15',19,11317,15140),(360,'2006-06-25','2006-06-26',40,'2006-07-13',10,11314,15123),(361,'2006-06-26','2006-06-26',1,'2006-07-06',11,11316,15165),(362,'2006-06-27','2006-06-28',2,'2006-07-08',13,11313,15166),(363,'2006-06-28','2006-06-28',18,'2006-07-04',21,11312,15145),(364,'2006-06-29','2006-06-29',4,'2006-08-10',35,11316,15168),(365,'2006-06-30','2006-06-30',5,'2006-07-04',9,11316,15169),(366,'2006-07-01','2006-07-04',21,'2006-07-06',21,11315,15145),(367,'2006-07-02','2006-07-02',7,'2006-07-13',18,11316,15161),(368,'2006-07-03','2006-07-04',8,'2006-07-10',12,11313,15162),(369,'2006-07-04','2006-07-04',9,'2006-07-10',15,11311,15169),(370,'2006-07-05','2006-07-06',28,'2006-07-26',28,11317,15142),(371,'2006-07-06','2006-07-06',11,'2006-07-12',12,11313,15165),(372,'2006-07-07','2006-07-10',12,'2006-07-12',8,11319,15162),(373,'2006-07-08','2006-07-08',13,'2006-07-12',16,11314,15166),(374,'2006-07-09','2006-07-10',14,'2006-07-17',14,11318,15167),(375,'2006-07-10','2006-07-10',15,'2006-07-14',19,11313,15169),(376,'2006-07-11','2006-07-12',16,'2006-07-18',23,11319,15166),(377,'2006-07-12','2006-07-12',12,'2006-07-17',17,11312,15165),(378,'2006-07-13','2006-07-13',18,'2006-07-16',21,11310,15161),(379,'2006-07-14','2006-07-14',19,'2006-07-22',26,11319,15169),(380,'2006-07-15','2006-07-16',20,'2006-07-24',29,11310,15163),(381,'2006-07-16','2006-07-16',21,'2006-07-21',9,11319,15161),(382,'2006-07-17','2006-07-17',17,'2006-07-21',19,11312,15165),(383,'2006-07-18','2006-07-18',23,'2006-07-28',12,11318,15166),(384,'2006-07-19','2006-07-22',19,'2006-07-21',20,11312,15165),(385,'2006-07-20','2006-07-21',20,'2006-07-23',23,11312,15165),(386,'2006-07-21','2006-07-22',26,'2006-08-14',36,11318,15169),(387,'2006-07-22','2006-07-22',27,'2006-08-10',11,11314,15160),(388,'2006-07-23','2006-07-23',23,'2006-07-26',31,11312,15165),(389,'2006-07-24','2006-07-24',29,'2006-08-13',29,11313,15163),(390,'2006-07-25','2006-07-28',12,'2006-07-28',33,11318,15166),(391,'2006-07-26','2006-07-26',31,'2006-08-15',31,11313,15165),(392,'2006-07-27','2006-07-27',11,'2006-08-16',31,11315,15181),(393,'2006-07-28','2006-07-28',33,'2006-08-16',33,11310,15166),(395,'2006-07-30','2006-07-30',35,'2006-08-18',35,11310,15168),(396,'2006-07-31','2006-07-31',36,'2006-08-19',36,11310,15169),(397,'2006-08-01','2006-08-01',11,'2006-08-02',12,11312,15186),(398,'2006-08-02','2006-08-02',12,'2006-08-23',12,11312,15186),(399,'2006-08-03','2006-08-03',15,'2006-08-08',15,11315,15184),(400,'2006-08-04','2006-08-05',16,'2006-08-13',9,11315,15209),(401,'2006-08-05','2006-08-05',1,'2006-08-13',1,11410,15201),(402,'2006-08-06','2006-08-07',2,'2006-08-21',14,11419,15202),(403,'2006-08-07','2006-08-07',3,'2006-08-12',3,11415,15203),(404,'2006-08-08','2006-08-09',4,'2006-08-19',15,11410,15204),(405,'2006-08-09','2006-08-09',5,'2006-09-08',34,11418,15205),(406,'2006-08-10','2006-08-10',6,'2006-08-17',13,11413,15206),(407,'2006-08-11','2006-08-11',23,'2006-08-19',14,11411,15207),(408,'2006-08-12','2006-08-13',8,'2006-08-23',19,11416,15208),(409,'2006-08-13','2006-08-13',9,'2006-08-22',9,11416,15209),(410,'2006-08-14','2006-08-14',29,'2006-09-15',29,11412,15210),(411,'2006-08-15','2006-08-15',11,'2006-08-21',17,11419,15200),(412,'2006-08-16','2006-08-16',31,'2006-09-17',31,11412,15181),(413,'2006-08-17','2006-08-17',13,'2006-08-26',13,11416,15206),(414,'2006-08-18','2006-08-19',14,'2006-09-09',36,11416,15207),(415,'2006-08-19','2006-08-19',15,'2006-09-06',33,11419,15204),(416,'2006-08-20','2006-08-21',14,'2006-08-25',14,11411,15202),(417,'2006-08-21','2006-08-21',17,'2006-09-06',32,11413,15200),(418,'2006-08-22','2006-08-22',19,'2006-09-10',18,11414,15199),(419,'2006-08-23','2006-08-23',19,'2006-08-28',13,11419,15208),(420,'2006-08-24','2006-08-25',20,'2006-09-04',11,11418,15220),(421,'2006-08-25','2006-08-25',21,'2006-09-14',21,11416,15221),(422,'2006-08-26','2006-08-27',20,'2006-09-11',20,11411,15222),(423,'2006-08-27','2006-08-27',23,'2006-09-08',12,11418,15223),(424,'2006-08-28','2006-08-28',24,'2006-09-26',14,11415,15224),(425,'2006-08-29','2006-08-29',26,'2006-09-25',26,11412,15225),(426,'2006-08-30','2006-08-30',24,'2006-09-15',24,11411,15226),(427,'2006-08-31','2006-08-31',25,'2006-09-16',25,11411,15227),(428,'2006-09-01','2006-09-02',28,'2006-09-10',28,11413,15228),(429,'2006-09-02','2006-09-02',24,'2006-09-07',24,11411,15229),(430,'2006-09-03','2006-09-03',30,'2006-09-12',30,11416,15230),(431,'2006-09-04','2006-09-04',11,'2006-09-12',19,11414,15220),(432,'2006-09-05','2006-09-06',32,'2006-09-12',38,11415,15200),(433,'2006-09-06','2006-09-06',33,'2006-09-14',33,11418,15204),(434,'2006-09-07','2006-09-08',34,'2006-09-10',37,11410,15205),(435,'2006-09-08','2006-09-08',12,'2006-09-13',12,11411,15223),(436,'2006-09-09','2006-09-09',36,'2006-09-17',36,11418,15207),(437,'2006-09-10','2006-09-10',37,'2006-09-15',37,11415,15205),(438,'2006-09-11','2006-09-12',38,'2006-09-20',38,11416,15200),(439,'2006-09-12','2006-09-12',19,'2006-09-20',39,11414,15220),(440,'2006-09-13','2006-09-14',40,'2006-09-14',1,11418,15241),(441,'2006-09-14','2006-09-14',1,'2006-09-26',13,11418,15241),(442,'2006-09-15','2006-09-16',2,'2006-09-28',14,11415,15242),(443,'2006-09-16','2006-09-16',3,'2006-09-28',15,11416,15243),(444,'2006-09-17','2006-09-18',4,'2006-10-06',22,11410,15244),(445,'2006-09-18','2006-09-18',25,'2006-10-10',27,11412,15245),(446,'2006-09-19','2006-09-22',6,'2006-09-28',6,11416,15246),(447,'2006-09-20','2006-09-20',7,'2006-10-02',19,11419,15247),(448,'2006-09-21','2006-09-22',28,'2006-10-12',10,11412,15248),(449,'2006-09-22','2006-09-22',9,'2006-10-10',17,11415,15249),(450,'2006-09-23','2006-09-26',12,'2006-10-11',10,11414,15250),(451,'2006-09-24','2006-09-25',26,'2006-10-15',26,11417,15225),(452,'2006-09-25','2006-09-26',14,'2006-10-16',14,11412,15224),(453,'2006-09-26','2006-09-26',13,'2006-10-12',29,11419,15241),(454,'2006-09-27','2006-09-28',14,'2006-10-10',24,11419,15242),(455,'2006-09-28','2006-09-28',15,'2006-10-12',13,11415,15243),(456,'2006-09-29','2006-09-29',13,'2006-10-03',17,11417,15243),(457,'2006-09-30','2006-09-30',17,'2006-10-08',25,11416,15249),(458,'2006-10-01','2006-10-01',18,'2006-10-10',18,11413,15240),(459,'2006-10-02','2006-10-02',19,'2006-10-18',35,11419,15247),(460,'2006-10-03','2006-10-03',17,'2006-10-04',18,11411,15243),(461,'2006-10-04','2006-10-04',18,'2006-10-07',20,11411,15243),(462,'2006-10-05','2006-10-06',22,'2006-10-10',26,11416,15244),(463,'2006-10-06','2006-10-07',20,'2006-10-16',32,11411,15243),(464,'2006-10-07','2006-10-10',24,'2006-10-16',30,11419,15242),(465,'2006-10-08','2006-10-08',25,'2006-10-14',31,11412,15249),(466,'2006-10-09','2006-10-10',26,'2006-10-14',26,11415,15244),(467,'2006-10-10','2006-10-10',27,'2006-10-16',33,11415,15245),(468,'2006-10-11','2006-10-12',10,'2006-10-19',28,11414,15248),(469,'2006-10-12','2006-10-12',29,'2006-10-24',40,11416,15241),(470,'2006-10-13','2006-10-16',30,'2006-10-18',16,11413,15242),(471,'2006-10-14','2006-10-14',31,'2006-10-19',31,11415,15249),(472,'2006-10-15','2006-10-16',32,'2006-10-23',32,11410,15243),(473,'2006-10-16','2006-10-16',33,'2006-10-20',37,11413,15245),(474,'2006-10-17','2006-10-18',16,'2006-10-25',34,11414,15242),(475,'2006-10-18','2006-10-18',35,'2006-10-22',36,11413,15247),(476,'2006-10-19','2006-10-22',36,'2006-10-27',36,11418,15247),(477,'2006-10-20','2006-10-20',37,'2006-10-25',37,11415,15245),(478,'2006-10-21','2006-10-21',17,'2006-10-22',18,11411,15261),(479,'2006-10-22','2006-10-22',18,'2006-10-28',24,11411,15261),(480,'2006-10-23','2006-10-24',40,'2006-11-11',40,11410,15241),(481,'2006-10-24','2006-10-24',1,'2006-10-26',3,11410,15280),(482,'2006-10-25','2006-10-28',19,'2006-10-27',21,11417,15263),(483,'2006-10-26','2006-10-26',3,'2006-11-10',7,11410,15280),(484,'2006-10-27','2006-10-27',21,'2006-11-08',16,11417,15263),(485,'2006-10-28','2006-10-28',24,'2006-11-12',25,11411,15261),(486,'2006-10-29','2006-10-29',25,'2006-11-03',30,11411,15261),(487,'2006-10-30','2006-10-30',7,'2006-11-12',8,11418,15280),(488,'2006-10-31','2006-10-31',8,'2006-11-03',10,11415,15280),(489,'2006-11-01','2006-11-01',25,'2006-11-06',25,11411,15264),(490,'2006-11-02','2006-11-03',10,'2006-11-05',13,11418,15280),(491,'2006-11-03','2006-11-03',30,'2006-11-07',31,11412,15261),(492,'2006-11-04','2006-11-07',31,'2006-11-25',31,11412,15261),(493,'2006-11-05','2006-11-05',13,'2006-11-09',16,11415,15280),(494,'2006-11-06','2006-11-09',12,'2006-11-11',18,11459,15282),(495,'2006-11-07','2006-11-08',16,'2006-11-28',16,11412,15263),(496,'2006-11-08','2006-11-09',16,'2006-11-29',36,11413,15280),(497,'2006-11-09','2006-11-09',13,'2006-12-10',13,11417,15284),(498,'2006-11-10','2006-11-10',19,'2006-11-18',18,11414,15260),(499,'2006-11-11','2006-11-12',20,'2006-11-19',19,11414,15259),(500,'2006-11-12','2006-11-15',21,'2006-12-10',18,11412,15300),(501,'2006-11-13','2006-11-13',21,'2006-11-18',14,11559,15301),(502,'2006-11-14','2006-11-14',18,'2006-12-15',18,11552,15302),(503,'2006-11-15','2006-11-15',23,'2006-11-20',8,11559,15303),(504,'2006-11-16','2006-11-19',24,'2006-11-24',13,11554,15304),(505,'2006-11-17','2006-11-18',26,'2006-12-18',26,11557,15305),(506,'2006-11-18','2006-11-19',26,'2006-11-27',26,11556,15306),(507,'2006-11-19','2006-11-19',27,'2006-11-27',16,11554,15307),(508,'2006-11-20','2006-11-21',28,'2006-11-28',28,11550,15308),(509,'2006-11-21','2006-11-21',29,'2006-11-29',29,11550,15309),(510,'2006-11-22','2006-11-25',30,'2006-12-10',11,11554,15310),(511,'2006-11-23','2006-11-24',14,'2006-11-26',15,11557,15297),(512,'2006-11-24','2006-11-27',15,'2006-11-26',16,11557,15297),(513,'2006-11-25','2006-11-26',16,'2006-11-26',17,11557,15297),(514,'2006-11-26','2006-11-26',17,'2006-11-27',18,11558,15297),(515,'2006-11-27','2006-11-27',18,'2006-12-15',18,11558,15297),(516,'2006-11-28','2006-11-28',36,'2006-11-29',37,11556,15280),(517,'2006-11-29','2006-11-29',37,'2006-12-01',39,11550,15280),(518,'2006-11-30','2006-11-30',18,'2006-12-15',18,11535,15300),(519,'2006-12-01','2006-12-01',39,'2006-12-09',39,11550,15280),(520,'2006-12-02','2006-12-03',40,'2006-12-09',7,11551,15327),(521,'2006-12-03','2006-12-03',1,'2007-01-08',18,11551,15321),(522,'2006-12-04','2006-12-05',20,'2006-12-13',11,11535,15322),(523,'2006-12-05','2006-12-05',24,'2006-12-19',16,11558,15323),(524,'2006-12-06','2006-12-07',4,'2006-12-15',13,11556,15324),(525,'2006-12-07','2006-12-07',5,'2006-12-17',15,11553,15325),(526,'2006-12-08','2006-12-08',6,'2007-01-12',40,11559,15326),(527,'2006-12-09','2006-12-09',7,'2007-01-02',31,11554,15327),(528,'2006-12-10','2006-12-11',8,'2006-12-20',18,11553,15328),(529,'2006-12-11','2006-12-11',9,'2006-12-21',19,11554,15329),(530,'2006-12-12','2006-12-13',10,'2006-12-21',10,11553,15330),(531,'2006-12-13','2006-12-13',11,'2006-12-22',11,11553,15322),(532,'2006-12-14','2006-12-14',15,'2006-12-16',17,11558,15317),(533,'2006-12-15','2006-12-15',13,'2006-12-19',17,11553,15324),(534,'2006-12-16','2006-12-16',17,'2007-01-17',17,11557,15317),(535,'2006-12-17','2006-12-17',15,'2006-12-25',15,11550,15325),(536,'2006-12-18','2006-12-19',16,'2007-01-06',34,11551,15323),(537,'2006-12-19','2006-12-19',17,'2007-01-06',35,11551,15324),(538,'2006-12-20','2006-12-20',18,'2007-01-10',39,11550,15328),(539,'2006-12-21','2006-12-21',19,'2006-12-29',19,11550,15329),(540,'2006-12-22','2006-12-23',20,'2007-01-08',16,11535,15340),(541,'2006-12-23','2006-12-23',21,'2006-12-28',21,11551,15341),(542,'2006-12-24','2006-12-25',26,'2007-01-13',26,11513,15342),(543,'2006-12-25','2006-12-25',23,'2007-01-05',9,11514,15343),(544,'2006-12-26','2006-12-26',24,'2007-01-14',24,11518,15344),(545,'2006-12-27','2006-12-27',25,'2007-01-12',11,11519,15345),(546,'2006-12-28','2006-12-28',29,'2007-01-19',11,11517,15346),(547,'2006-12-29','2006-12-29',9,'2007-01-14',13,11519,15347),(548,'2006-12-30','2006-12-30',28,'2007-01-15',28,11551,15348),(549,'2006-12-31','2006-12-31',29,'2007-01-19',29,11550,15349),(550,'2007-01-01','2007-01-01',30,'2007-01-09',30,11550,15350),(551,'2007-01-02','2007-01-02',31,'2007-01-07',31,11515,15327),(552,'2007-01-03','2007-01-06',9,'2007-01-05',10,11519,15343),(553,'2007-01-04','2007-01-05',10,'2007-01-18',21,11519,15343),(554,'2007-01-05','2007-01-06',34,'2007-01-13',34,11518,15323),(556,'2007-01-07','2007-01-08',16,'2007-01-18',26,11512,15340),(557,'2007-01-08','2007-01-08',18,'2007-01-17',18,11513,15321),(558,'2007-01-09','2007-01-10',38,'2007-01-14',38,11511,15324),(559,'2007-01-10','2007-01-10',39,'2007-01-18',39,11518,15328),(560,'2007-01-11','2007-01-12',40,'2007-01-16',40,11511,15326),(561,'2007-01-12','2007-01-12',1,'2007-02-03',22,11515,15367),(562,'2007-01-13','2007-01-13',23,'2007-01-22',23,11516,15316),(563,'2007-01-14','2007-01-14',3,'2007-01-24',13,11511,15369),(564,'2007-01-15','2007-01-18',21,'2007-01-20',11,11519,15343),(565,'2007-01-16','2007-01-16',5,'2007-01-23',10,11511,15361),(566,'2007-01-17','2007-01-18',26,'2007-01-18',27,11517,15340),(567,'2007-01-18','2007-01-18',27,'2007-01-20',29,11512,15340),(568,'2007-01-19','2007-01-19',11,'2007-01-28',11,11516,15346),(569,'2007-01-20','2007-01-20',29,'2007-02-10',18,11512,15340),(570,'2007-01-21','2007-01-22',10,'2007-02-13',12,11515,15366),(571,'2007-01-22','2007-01-23',10,'2007-01-26',12,11519,15361),(572,'2007-01-23','2007-01-26',12,'2007-01-27',14,11514,15361),(573,'2007-01-24','2007-01-24',13,'2007-02-12',20,11515,15369),(574,'2007-01-25','2007-01-26',14,'2007-01-28',17,11514,15363),(575,'2007-01-26','2007-01-27',14,'2007-02-02',20,11519,15361),(576,'2007-01-27','2007-01-27',18,'2007-02-18',18,11512,15340),(577,'2007-01-28','2007-01-28',17,'2007-02-19',38,11515,15363),(578,'2007-01-29','2007-01-29',18,'2007-02-05',25,11515,15364),(579,'2007-01-30','2007-01-30',19,'2007-02-09',10,11518,15368),(580,'2007-01-31','2007-01-31',20,'2007-02-07',9,11514,15369),(581,'2007-02-01','2007-02-02',20,'2007-02-04',22,11517,15361),(582,'2007-02-02','2007-02-03',22,'2007-02-07',22,11511,15367),(583,'2007-02-03','2007-02-04',22,'2007-02-04',23,11517,15361),(584,'2007-02-04','2007-02-04',23,'2007-02-06',25,11510,15361),(585,'2007-02-05','2007-02-05',25,'2007-02-14',25,11513,15364),(586,'2007-02-06','2007-02-06',25,'2007-02-10',28,11512,15361),(587,'2007-02-07','2007-02-07',9,'2007-02-11',31,11513,15369),(588,'2007-02-08','2007-02-09',10,'2007-02-17',10,11516,15368),(589,'2007-02-09','2007-02-10',28,'2007-02-12',31,11512,15361),(590,'2007-02-10','2007-02-13',12,'2007-02-19',12,11513,15366),(591,'2007-02-11','2007-02-11',31,'2007-02-15',34,11514,15369),(592,'2007-02-12','2007-02-12',31,'2007-02-13',33,11517,15361),(593,'2007-02-13','2007-02-13',33,'2007-02-21',33,11518,15361),(594,'2007-02-14','2007-02-15',34,'2007-02-19',34,11515,15369),(595,'2007-02-15','2007-02-15',35,'2007-02-20',35,11511,15360),(596,'2007-02-16','2007-02-16',17,'2007-03-17',17,11512,15362),(597,'2007-02-17','2007-02-17',37,'2007-02-25',37,11514,15365),(598,'2007-02-18','2007-02-19',38,'2007-02-23',38,11511,15363),(599,'2007-02-19','2007-02-19',21,'2007-02-28',21,11513,15357),(600,'2007-02-20','2007-02-21',40,'2007-02-28',40,11514,15400);
/*!40000 ALTER TABLE `orders` ENABLE KEYS */;
UNLOCK TABLES;

--
-- Table structure for table `staff`
--

DROP TABLE IF EXISTS `staff`;
/*!40101 SET @saved_cs_client     = @@character_set_client */;
 SET character_set_client = utf8mb4 ;
CREATE TABLE `staff` (
  `Staff_ID` int(11) NOT NULL,
  `Staff_Name` varchar(45) DEFAULT NULL,
  `Staff_Phone` varchar(45) DEFAULT NULL,
  `Staff_Address` varchar(45) DEFAULT NULL,
  `Staff_Birthday` date DEFAULT NULL,
  `Staff_Position` varchar(45) DEFAULT NULL,
  `Staff_Gender` varchar(45) DEFAULT NULL,
  PRIMARY KEY (`Staff_ID`)
) ENGINE=InnoDB DEFAULT CHARSET=utf8mb4 COLLATE=utf8mb4_0900_ai_ci;
/*!40101 SET character_set_client = @saved_cs_client */;

--
-- Dumping data for table `staff`
--

LOCK TABLES `staff` WRITE;
/*!40000 ALTER TABLE `staff` DISABLE KEYS */;
INSERT INTO `staff` VALUES (1,'Barton Latta','12345678','123 hell road fmlville','1989-01-01','Developer','M'),(2,'Kiki Mutiara','12345687','7 Blah Place','1979-01-02',' Developer','F'),(3,'Michaela Agpalza','12345677','23 Iooa Drive','1846-02-14','CEO','F'),(4,'Risvaldo Toar','12314564','7 Street Street','1922-01-12','General Manager','M'),(5,'Jed Vella','15616156','26 Cat Lane','1849-03-04','Branch Magager','M'),(6,'Michael Caruso','15648777','2 Space Way','1487-06-02','Branch Manager','M');
/*!40000 ALTER TABLE `staff` ENABLE KEYS */;
UNLOCK TABLES;

--
-- Table structure for table `store`
--

DROP TABLE IF EXISTS `store`;
/*!40101 SET @saved_cs_client     = @@character_set_client */;
 SET character_set_client = utf8mb4 ;
CREATE TABLE `store` (
  `Store_ID` int(11) NOT NULL,
  `Store_Name` varchar(45) DEFAULT NULL,
  `Store_Address` varchar(45) DEFAULT NULL,
  `Store_Phone` varchar(45) DEFAULT NULL,
  `Store_City` varchar(45) DEFAULT NULL,
  `Store_State_Name` varchar(45) DEFAULT NULL,
  PRIMARY KEY (`Store_ID`)
) ENGINE=InnoDB DEFAULT CHARSET=utf8mb4 COLLATE=utf8mb4_0900_ai_ci;
/*!40101 SET character_set_client = @saved_cs_client */;

--
-- Dumping data for table `store`
--

LOCK TABLES `store` WRITE;
/*!40000 ALTER TABLE `store` DISABLE KEYS */;
INSERT INTO `store` VALUES (1,'Alexandria_stroe','3761 N. 14th St','1 (11) 543 535-0162','Alexandria                    ','New South Wales'),(2,'Coffs Harbour_store','2243 W St.','1 (11) 543 535-0110','Coffs Harbour                 ','New South Wales'),(3,'Darlinghurst_store','5844 Linden Land','1 (11) 543 535-0184','Darlinghurst                  ','New South Wales'),(4,'Goulburn_store','1825 Village Pl.','1 (11) 543 535-0162','Goulburn                      ','New South Wales'),(5,'Lane Cove_store','7553 Harness Circle','1 (11) 543 535-0131','Lane Cove                     ','New South Wales'),(6,'Lavender Bay_store','7305 Humphrey Drive','1 (11) 543 535-0151','Lavender Bay                  ','New South Wales'),(7,'Malabar_store','2612 Berry Dr','1 (11) 543 535-0184','Malabar                       ','New South Wales'),(8,'Matraville_store','942 Brook Street','1 (11) 543 535-0126','Matraville                    ','New South Wales'),(9,'Milsons Point_store','624 Peabody Road','1 (11) 543 535-0164','Milsons Point                 ','New South Wales'),(10,'Newcastle_store','3839 Northgate Road','1 (11) 543 535-0110','Newcastle                     ','New South Wales'),(11,'North Ryde_store','7800 Corrinne Court','1 (11) 543 535-0169','North Ryde                    ','New South Wales'),(12,'North Sydney_store','1224 Shoenic','1 (11) 543 535-0117','North Sydney                  ','New South Wales'),(13,'Port Macquarie_store','4785 Scott Street','717-535-0164','Port Macquarie                ','New South Wales'),(14,'Rhodes_store','7902 Hudson Ave.','817-535-0185','Rhodes                        ','New South Wales'),(15,'Silverwater_store','9011 Tank Drive','431-535-0156','Silverwater                   ','New South Wales'),(16,'Springwood_store','244 Willow Pass Road','208-535-0142','Springwood                    ','New South Wales'),(17,'St. Leonards_store','9666 Northridge Ct.','135-535-0171','St. Leonards                  ','New South Wales'),(18,'Sydney_store','7330 Saddlehill Lane','1 (11) 543 535-0195','Sydney                        ','New South Wales'),(19,'Wollongong_store','244 Rivewview','1 (11) 543 535-0137','Wollongong                    ','New South Wales'),(20,'Brisbane_store','7832 Landing Dr','262-535-0112','Brisbane                      ','Queensland'),(21,'Caloundra_store','7156 Rose Dr.','550-535-0163','Caloundra                     ','Queensland'),(22,'East Brisbane_store','8148 W. Lake Dr.','622-535-0158','East Brisbane                 ','Queensland'),(23,'Gold Coast_store','1769 Nicholas Drive','589-535-0185','Gold Coast                    ','Queensland'),(24,'Hawthorne_store','4499 Valley Crest','452-535-0188','Hawthorne                     ','Queensland'),(25,'Hervey Bay_store','8734 Oxford Place','746-535-0186','Hervey Bay                    ','Queensland'),(26,'Rockhampton_store','2596 Franklin Canyon Road','1 (11) 543 535-0178','Rockhampton                   ','Queensland'),(27,'Townsville_store','8211 Leeds Ct.','1 (11) 543 535-0131','Townsville                    ','Queensland'),(28,'Cloverdale_store','213 Valencia Place','1 (11) 543 535-0184','Cloverdale                    ','South Australia'),(29,'Findon_store','9111 Rose Ann Ave','1 (11) 543 535-0116','Findon                        ','South Australia'),(30,'Perth_store','6385 Mark Twain','1 (11) 543 535-0146','Perth                         ','South Australia'),(31,'Hobart_store','636 Vine Hill Way','1 (11) 543 535-0182','Hobart                        ','Tasmania'),(32,'Bendigo_store','6465 Detroit Ave.','1 (11) 543 535-0195','Bendigo                       ','Victoria'),(33,'Cranbourne_store','626 Bentley Street','1 (11) 543 535-0169','Cranbourne                    ','Victoria'),(34,'Geelong_store','5927 Rainbow Dr','1 (11) 543 535-0137','Geelong                       ','Victoria'),(35,'Melbourne_store','5167 Condor Place','1 (11) 543 535-0136','Melbourne                     ','Victoria'),(36,'Melton_store','1873 Mt. Whitney Dr','1 (11) 543 535-0177','Melton                        ','Victoria'),(37,'Seaford_store','3981 Augustine Drive','115-535-0183','Seaford                       ','Victoria'),(38,'South Melbourne_store','8915 Woodside Way','229-535-0112','South Melbourne               ','Victoria'),(39,'Sunbury_store','8357 Sandy Cove Lane','1 (11) 543 535-0114','Sunbury                       ','Victoria'),(40,'Warrnambool_store','9353 Creekside Dr.','1 (11) 543 535-0183','Warrnambool                   ','Victoria'),(50,'NULL','NULL','NULL','NULL','NULL');
/*!40000 ALTER TABLE `store` ENABLE KEYS */;
UNLOCK TABLES;
/*!40103 SET TIME_ZONE=@OLD_TIME_ZONE */;

/*!40101 SET SQL_MODE=@OLD_SQL_MODE */;
/*!40014 SET FOREIGN_KEY_CHECKS=@OLD_FOREIGN_KEY_CHECKS */;
/*!40014 SET UNIQUE_CHECKS=@OLD_UNIQUE_CHECKS */;
/*!40101 SET CHARACTER_SET_CLIENT=@OLD_CHARACTER_SET_CLIENT */;
/*!40101 SET CHARACTER_SET_RESULTS=@OLD_CHARACTER_SET_RESULTS */;
/*!40101 SET COLLATION_CONNECTION=@OLD_COLLATION_CONNECTION */;
/*!40111 SET SQL_NOTES=@OLD_SQL_NOTES */;

-- Dump completed on 2018-10-23 15:17:33
